-3.06454	-1.379043	6.895214999999999
-3.217767	-2.604859	7.048442
-2.604859	-3.6774480000000005	7.201669
-1.9919509999999998	-3.830675	7.508122999999999
-2.604859	-2.451632	8.274258
-3.06454	-1.225816	9.346847
-3.217767	-0.45968100000000006	10.266209
-3.06454	0.153227	10.572663
-3.06454	-0.153227	10.572663
-2.298405	-0.153227	10.266209
-1.685497	0.0	9.806528
-1.53227	-0.45968100000000006	9.040393
-1.072589	-0.9193620000000001	8.274258
-0.45968100000000006	-1.225816	7.508122999999999
0.0	-1.53227	7.048442
0.0	-0.9193620000000001	6.741988
0.0	0.0	6.895214999999999
0.0	0.612908	7.354896000000001
-0.306454	0.612908	7.967803999999999
-0.612908	0.45968100000000006	8.427485
-1.072589	0.153227	9.040393
-1.072589	0.153227	9.653300999999999
-1.225816	-0.153227	9.959755
-1.072589	-0.306454	9.806528
-0.9193620000000001	-0.612908	9.19362
-0.612908	-0.9193620000000001	8.887166
-0.45968100000000006	-1.379043	9.040393
-0.766135	-1.8387240000000002	8.733939
-0.766135	-1.8387240000000002	8.427485
-1.53227	-2.298405	8.427485
-1.9919509999999998	-2.758086	7.66135
-2.451632	-2.758086	6.741988
-3.524221	-2.298405	5.669398999999999
-5.056491	-1.379043	5.056491
-5.8226260000000005	1.072589	4.903264
-5.362945	2.145178	4.903264
-5.362945	2.145178	7.508122999999999
-10.879116999999999	2.604859	7.508122999999999
-9.653300999999999	6.282307	12.871068
6.435534	5.516172	14.250110999999999
4.443583	0.766135	18.080786
-3.370994	-1.9919509999999998	19.45983
-5.669398999999999	-0.9193620000000001	15.169473000000002
-4.443583	1.685497	11.338797999999999
-4.443583	1.685497	8.121031
-0.766135	1.685497	8.121031
-0.306454	0.612908	6.588761
-0.766135	0.45968100000000006	6.895214999999999
-0.612908	-0.306454	8.580712
-1.072589	-0.9193620000000001	8.887166
-0.612908	-0.45968100000000006	8.580712
0.0	-0.45968100000000006	8.274258
-0.306454	-0.766135	8.427485
-0.306454	-1.379043	8.733939
-0.9193620000000001	-1.379043	8.733939
-1.685497	-1.8387240000000002	8.733939
-1.8387240000000002	-1.379043	8.427485
-1.379043	-0.306454	7.66135
-1.53227	0.612908	7.048442
-2.298405	1.379043	6.282307
-3.9839019999999996	1.53227	5.516172
-6.282307	1.072589	5.516172
-6.282307	-0.612908	5.975853
-6.895214999999999	-0.612908	5.975853
-6.12908	-2.298405	5.669398999999999
-5.056491	-4.290356	6.282307
-7.048442	-6.435534	12.25816
-2.451632	-8.733939	17.774332
3.370994	-2.758086	18.693693
-2.298405	0.766135	19.45983
-3.370994	2.451632	18.080786
-3.370994	0.612908	14.863019
-3.06454	0.612908	14.863019
-2.9113130000000003	-1.379043	11.798478999999999
-2.451632	-2.9113130000000003	8.733939
-0.612908	-3.370994	6.588761
0.9193620000000001	-2.9113130000000003	5.516172
1.379043	-1.53227	5.669398999999999
0.766135	0.0	6.282307
-0.153227	1.072589	6.588761
-0.612908	1.53227	6.588761
-0.612908	1.225816	6.895214999999999
-0.45968100000000006	0.9193620000000001	7.814577000000001
-0.9193620000000001	0.766135	8.733939
-2.145178	0.306454	9.653300999999999
-2.9113130000000003	-0.766135	10.572663
-3.06454	-1.685497	10.112982
-2.9113130000000003	-2.298405	8.887166
-3.06454	-3.06454	7.354896000000001
-3.6774480000000005	-2.9113130000000003	5.8226260000000005
-5.056491	-1.8387240000000002	4.443583
-5.516172	-0.612908	3.9839019999999996
-3.9839019999999996	0.766135	3.9839019999999996
-1.53227	2.298405	3.830675
-3.524221	3.370994	5.669398999999999
-4.903264	5.669398999999999	11.338797999999999
3.9839019999999996	5.362945	15.3227
-0.612908	0.306454	19.000149
-4.137129	-1.225816	19.45983
-6.12908	-1.685497	19.45983
-5.056491	-1.53227	16.395288
-2.758086	-1.685497	12.411387
-0.45968100000000006	-1.8387240000000002	9.653300999999999
1.072589	-1.072589	7.814577000000001
1.53227	-0.153227	7.508122999999999
1.072589	-0.306454	7.967803999999999
-0.306454	-0.45968100000000006	8.427485
-1.685497	-0.306454	8.121031
-2.604859	-0.153227	7.66135
-3.524221	0.153227	6.895214999999999
-4.59681	0.306454	6.282307
-5.056491	0.0	5.516172
-4.443583	-0.306454	4.443583
-3.524221	-0.766135	3.524221
-2.604859	-1.225816	2.9113130000000003
-2.604859	-1.53227	2.758086
-3.6774480000000005	-1.9919509999999998	3.524221
-3.9839019999999996	-1.9919509999999998	6.12908
-0.45968100000000006	-1.072589	9.346847
1.685497	-2.298405	14.709792000000002
-0.153227	-5.362945	19.45983
-0.9193620000000001	-3.217767	19.45983
-4.903264	-2.604859	19.45983
-3.830675	-1.8387240000000002	18.080786
-1.53227	-1.379043	14.709792000000002
-0.153227	-0.766135	11.185571000000001
0.0	-0.766135	8.580712
-1.072589	-1.685497	6.895214999999999
-2.451632	-1.53227	5.8226260000000005
-3.217767	-0.45968100000000006	4.750037
-3.830675	0.766135	3.370994
-4.290356	1.53227	2.298405
-4.903264	2.451632	1.685497
-5.669398999999999	3.06454	1.8387240000000002
-5.669398999999999	3.370994	2.298405
-5.056491	1.685497	2.451632
-5.056491	-0.153227	3.830675
-2.9113130000000003	-0.612908	7.508122999999999
6.282307	-1.225816	13.790429999999999
-0.306454	0.306454	19.45983
-6.435534	0.612908	19.45983
-6.12908	-1.225816	19.45983
-4.290356	-1.53227	17.774332
-3.217767	-0.766135	13.330748999999999
-1.9919509999999998	0.0	10.266209
0.153227	0.153227	7.814577000000001
1.8387240000000002	-0.153227	6.741988
1.072589	-1.225816	6.895214999999999
-0.766135	-1.9919509999999998	6.895214999999999
-0.766135	-1.9919509999999998	6.12908
-2.604859	-1.9919509999999998	6.12908
-3.524221	-1.53227	4.903264
-4.137129	-1.072589	4.137129
-4.290356	-0.612908	3.524221
-4.137129	-0.306454	3.217767
-3.370994	-0.306454	2.9113130000000003
-2.145178	-0.612908	3.524221
-5.8226260000000005	0.45968100000000006	7.048442
-5.056491	-1.379043	14.250110999999999
4.59681	-4.137129	15.3227
0.45968100000000006	-1.072589	17.467878
-1.685497	0.612908	19.306601999999998
-5.209718	-1.225816	18.540466000000002
-3.9839019999999996	-2.145178	15.629154000000002
-1.8387240000000002	-2.145178	13.024295
-0.766135	-2.145178	10.879116999999999
-0.766135	-2.145178	9.346847
0.612908	-1.9919509999999998	9.346847
0.45968100000000006	-1.685497	8.121031
-1.8387240000000002	-0.766135	6.741988
-3.830675	0.306454	4.59681
-4.443583	1.072589	3.06454
-3.830675	1.685497	1.8387240000000002
-3.6774480000000005	2.145178	1.225816
-3.217767	2.298405	1.072589
-3.217767	2.298405	1.379043
-2.145178	2.298405	1.379043
-1.8387240000000002	0.766135	2.145178
-5.056491	0.612908	5.8226260000000005
0.9193620000000001	1.8387240000000002	10.419436
7.508122999999999	1.379043	18.540466000000002
-3.524221	-0.45968100000000006	19.45983
-10.419436	-1.379043	19.45983
-7.201669	-2.451632	19.153376
-7.201669	-2.9113130000000003	14.709792000000002
-3.830675	-2.9113130000000003	14.709792000000002
-1.379043	-3.524221	10.572663
0.766135	-3.524221	7.66135
0.9193620000000001	-3.06454	5.8226260000000005
-0.612908	-1.8387240000000002	4.59681
-1.379043	-1.225816	4.137129
-2.145178	-0.766135	3.370994
-2.9113130000000003	-0.45968100000000006	2.758086
-2.9113130000000003	0.306454	2.145178
-3.9839019999999996	0.306454	2.145178
-4.59681	0.612908	2.298405
-4.443583	0.612908	3.06454
-4.290356	0.306454	4.290356
-6.12908	1.225816	7.967803999999999
-0.45968100000000006	0.0	14.556564999999999
1.53227	-4.443583	19.153376
-1.072589	-4.443583	19.45983
-1.072589	-1.685497	19.45983
-4.137129	-1.685497	19.45983
-5.362945	-1.379043	18.846922
-4.290356	-2.298405	16.242062
-3.217767	-2.604859	13.177522
-0.9193620000000001	-1.9919509999999998	10.266209
-0.9193620000000001	-1.685497	7.814577000000001
-1.8387240000000002	-1.072589	5.975853
-2.451632	0.9193620000000001	4.443583
-1.9919509999999998	2.9113130000000003	2.451632
-1.225816	4.290356	0.9193620000000001
-0.9193620000000001	4.59681	0.153227
-2.604859	3.9839019999999996	-0.153227
-4.903264	1.9919509999999998	0.612908
-5.056491	0.766135	1.8387240000000002
-2.9113130000000003	0.0	3.9839019999999996
-1.072589	-1.072589	5.362945
4.137129	-1.8387240000000002	8.427485
4.137129	-0.45968100000000006	17.621105
-5.056491	2.145178	19.45983
-9.040393	1.53227	19.45983
-5.8226260000000005	-0.153227	19.45983
-3.370994	-0.766135	17.161425
-1.379043	-0.766135	13.790429999999999
-0.45968100000000006	-0.45968100000000006	10.419436
-0.45968100000000006	-0.45968100000000006	7.66135
0.0	-0.612908	6.12908
-0.153227	-0.766135	5.669398999999999
-0.45968100000000006	-0.766135	4.750037
-1.8387240000000002	-0.45968100000000006	3.830675
-4.59681	-0.306454	3.524221
-5.8226260000000005	-0.9193620000000001	4.443583
-9.346847	-1.072589	7.508122999999999
-15.629154000000002	-3.9839019999999996	15.629154000000002
-5.669398999999999	-6.741988	17.467878
-3.524221	-1.53227	19.153376
-6.12908	3.9839019999999996	19.45983
-7.967803999999999	4.290356	19.45983
-8.121031	1.53227	16.548515
-6.741988	-0.9193620000000001	13.637203
-4.290356	-2.604859	11.338797999999999
-0.612908	-2.298405	8.580712
1.379043	-0.9193620000000001	7.048442
0.612908	-0.9193620000000001	5.8226260000000005
1.072589	-1.072589	5.362945
2.298405	-0.306454	5.056491
3.370994	-0.766135	5.8226260000000005
1.53227	-1.379043	6.741988
-0.612908	-1.9919509999999998	7.967803999999999
-0.612908	-3.370994	9.040393
-2.298405	-3.370994	9.040393
-2.451632	-4.750037	9.806528
-1.685497	-4.903264	9.806528
-0.766135	-2.9113130000000003	9.19362
-1.225816	-1.225816	7.967803999999999
-2.145178	0.766135	7.201669
-4.59681	2.145178	6.741988
-13.637203	2.145178	8.887166
-13.637203	5.8226260000000005	13.024295
-17.774332	5.8226260000000005	13.024295
-5.516172	4.903264	8.580712
-4.750037	-3.217767	12.411387
-5.669398999999999	-3.06454	13.943657
-4.903264	-2.298405	12.564614
-3.370994	-1.9919509999999998	11.645252000000001
-2.758086	-2.9113130000000003	10.879116999999999
-2.758086	-4.137129	10.879116999999999
-2.451632	-4.137129	10.879116999999999
-1.8387240000000002	-3.524221	10.419436
-2.145178	-2.298405	9.500074
-1.8387240000000002	-1.072589	8.121031
-1.225816	0.153227	7.048442
0.153227	1.225816	6.12908
0.9193620000000001	2.145178	5.669398999999999
1.379043	2.9113130000000003	5.8226260000000005
1.379043	3.370994	6.741988
0.612908	3.370994	6.741988
-0.766135	3.6774480000000005	7.814577000000001
-1.379043	3.830675	9.500074
-0.612908	3.524221	11.338797999999999
-0.45968100000000006	2.298405	12.717841
-1.072589	1.53227	12.564614
-4.443583	2.145178	10.572663
-11.032344	3.524221	11.185571000000001
-11.032344	2.758086	12.717841
-13.790429999999999	2.758086	12.717841
-6.435534	-0.153227	10.112982
-5.209718	-0.153227	7.508122999999999
-6.895214999999999	0.306454	7.048442
-6.895214999999999	0.0	7.814577000000001
-5.669398999999999	-0.766135	8.887166
-4.903264	-0.612908	9.959755
-5.516172	0.306454	11.798478999999999
-5.516172	0.306454	13.177522
-6.12908	0.306454	13.177522
-5.975853	-0.766135	13.024295
-5.975853	-1.53227	11.798478999999999
-5.975853	-2.145178	10.112982
-5.362945	-1.9919509999999998	8.274258
-4.290356	-1.379043	6.588761
-3.06454	-1.379043	5.209718
-1.9919509999999998	-1.379043	4.750037
-1.685497	-1.685497	4.750037
-1.53227	-2.298405	5.516172
-1.072589	-3.217767	6.588761
-0.612908	-4.59681	7.508122999999999
0.306454	-5.669398999999999	8.274258
0.9193620000000001	-5.8226260000000005	9.19362
1.379043	-4.59681	9.959755
1.379043	-3.06454	10.72589
0.9193620000000001	-1.8387240000000002	12.104933
0.306454	-1.072589	12.871068
-0.306454	-0.9193620000000001	12.411387
-0.766135	-1.225816	11.492025
-0.766135	-1.53227	10.266209
-2.604859	-1.53227	9.653300999999999
-2.758086	-0.612908	9.500074
-4.137129	-1.072589	9.040393
-9.19362	-2.758086	9.346847
-11.032344	-2.145178	10.419436
-5.516172	-1.072589	8.887166
-2.758086	-0.9193620000000001	8.121031
-3.370994	0.0	9.19362
-3.830675	1.685497	10.572663
-4.443583	2.9113130000000003	10.572663
-4.443583	2.9113130000000003	10.266209
-4.290356	1.072589	10.266209
-3.9839019999999996	-0.9193620000000001	10.419436
-3.524221	-2.145178	10.419436
-3.217767	-2.145178	10.112982
-2.758086	-2.298405	9.346847
-2.298405	-2.298405	8.580712
-1.8387240000000002	-1.9919509999999998	7.66135
-1.225816	-1.685497	7.201669
-0.612908	-0.45968100000000006	6.895214999999999
0.153227	0.612908	6.741988
0.612908	1.53227	7.048442
0.45968100000000006	1.53227	7.814577000000001
0.306454	1.379043	9.19362
0.0	0.766135	10.879116999999999
-0.766135	0.0	12.411387
-2.298405	-0.153227	12.717841
-2.604859	0.612908	11.951706
-1.8387240000000002	1.53227	10.266209
-2.298405	2.298405	8.580712
-6.435534	2.758086	8.274258
-12.411387	2.758086	9.653300999999999
-11.492025	0.0	10.879116999999999
-4.59681	-2.9113130000000003	8.733939
-2.758086	-3.830675	7.201669
-2.145178	-3.217767	7.967803999999999
-2.604859	-2.9113130000000003	9.040393
-3.6774480000000005	-2.298405	10.112982
-3.9839019999999996	-1.072589	10.419436
-3.830675	-0.306454	10.72589
-3.524221	0.153227	10.572663
-3.370994	0.306454	10.266209
-2.451632	-0.612908	9.653300999999999
-1.9919509999999998	-1.072589	8.580712
-1.379043	-0.766135	7.048442
-0.766135	-0.612908	6.282307
-0.612908	-0.45968100000000006	5.975853
-0.45968100000000006	-0.9193620000000001	6.282307
-0.766135	-1.379043	7.354896000000001
-0.612908	-1.9919509999999998	8.427485
-0.153227	-2.298405	9.19362
0.153227	-2.145178	9.806528
0.306454	-1.225816	9.653300999999999
-0.153227	-0.766135	9.653300999999999
-0.612908	-0.306454	9.500074
-0.9193620000000001	-0.153227	9.040393
-0.612908	-0.153227	8.733939
-0.306454	0.153227	8.580712
-0.45968100000000006	-0.153227	8.427485
-0.612908	-0.766135	8.427485
-0.9193620000000001	-1.379043	8.427485
-1.9919509999999998	-1.9919509999999998	8.427485
-2.9113130000000003	-2.298405	7.967803999999999
-3.9839019999999996	-1.8387240000000002	7.354896000000001
-4.137129	-0.766135	6.12908
-3.830675	0.153227	5.056491
-4.59681	1.072589	4.290356
-5.362945	1.9919509999999998	4.290356
-5.516172	2.604859	4.59681
-4.750037	2.298405	5.056491
-6.435534	0.612908	7.66135
-6.435534	0.612908	13.177522
-2.758086	0.612908	13.177522
2.9113130000000003	0.9193620000000001	18.080786
-1.072589	-0.766135	19.45983
-6.435534	-0.612908	19.45983
-5.362945	-0.45968100000000006	17.008198
-3.524221	-0.45968100000000006	11.951706
-1.379043	-0.9193620000000001	8.887166
0.766135	-1.225816	6.895214999999999
2.604859	-0.9193620000000001	5.516172
2.451632	-1.225816	5.362945
1.8387240000000002	-1.225816	6.588761
0.153227	-1.53227	7.967803999999999
-1.685497	-0.9193620000000001	8.580712
-2.451632	0.153227	8.887166
-3.217767	0.766135	8.733939
-5.209718	1.072589	8.274258
-5.975853	1.072589	7.66135
-5.975853	0.766135	6.588761
-5.516172	0.0	5.516172
-4.443583	-0.153227	4.750037
-2.451632	-0.45968100000000006	3.9839019999999996
-0.9193620000000001	-1.379043	4.290356
-1.685497	-1.8387240000000002	7.048442
-0.45968100000000006	-3.524221	11.338797999999999
-0.45968100000000006	-3.524221	14.250110999999999
1.072589	-4.59681	14.250110999999999
-0.766135	-3.06454	16.088835
-3.06454	-2.758086	17.774332
-3.524221	-2.451632	17.774332
-1.9919509999999998	-1.9919509999999998	16.395288
-0.9193620000000001	-1.53227	14.863019
-0.306454	-1.8387240000000002	13.177522
0.153227	-1.8387240000000002	11.798478999999999
0.153227	-1.8387240000000002	11.032344
-0.153227	-1.225816	11.032344
-1.225816	0.0	9.959755
-2.9113130000000003	1.072589	7.814577000000001
-4.137129	1.225816	5.669398999999999
-4.290356	0.766135	3.9839019999999996
-3.830675	0.766135	2.9113130000000003
-2.758086	0.612908	2.145178
-1.53227	0.766135	1.685497
-1.53227	0.766135	1.379043
-2.298405	0.306454	1.379043
-3.9839019999999996	-0.153227	1.685497
-4.137129	-0.9193620000000001	3.06454
-3.9839019999999996	-1.9919509999999998	5.056491
0.45968100000000006	-3.524221	8.427485
5.209718	-1.072589	15.3227
-1.9919509999999998	1.8387240000000002	19.45983
-8.274258	3.370994	19.45983
-9.346847	1.9919509999999998	19.45983
-4.903264	0.766135	17.774332
-2.451632	0.0	13.943657
-1.9919509999999998	-0.766135	10.572663
-1.8387240000000002	-0.9193620000000001	7.967803999999999
-1.379043	-0.9193620000000001	6.435534
-1.225816	-1.072589	5.8226260000000005
-2.298405	-1.379043	4.750037
-2.298405	-1.379043	3.9839019999999996
-3.370994	-1.379043	3.9839019999999996
-3.06454	-1.379043	3.217767
-2.145178	-1.379043	2.451632
-1.53227	-1.225816	1.8387240000000002
-1.225816	-1.225816	1.685497
-2.298405	-0.612908	2.145178
-4.443583	-0.9193620000000001	4.137129
-5.975853	-0.612908	7.814577000000001
-5.975853	0.766135	11.798478999999999
-0.612908	0.766135	11.798478999999999
-0.612908	-1.379043	16.088835
-1.225816	-3.9839019999999996	19.45983
-2.451632	-2.451632	19.153376
-5.209718	-2.451632	18.080786
-2.9113130000000003	-1.9919509999999998	16.548515
-0.766135	-2.145178	14.863019
-1.379043	-1.53227	13.483976
-1.685497	-1.225816	11.951706
-1.53227	-0.766135	10.419436
-2.451632	-0.306454	8.427485
-3.217767	0.153227	6.741988
-3.370994	0.766135	4.903264
-2.758086	1.379043	3.06454
-2.298405	1.8387240000000002	1.9919509999999998
-1.685497	1.9919509999999998	1.379043
-1.685497	1.379043	1.072589
-1.9919509999999998	1.379043	1.072589
-2.758086	0.0	1.379043
-3.370994	-1.072589	2.451632
-6.588761	-2.145178	6.435534
0.306454	-1.8387240000000002	10.879116999999999
9.806528	-0.45968100000000006	15.629154000000002
-2.298405	0.306454	19.45983
-7.048442	2.298405	19.45983
-7.048442	2.604859	19.45983
-8.887166	2.604859	19.45983
-5.056491	2.451632	17.467878
-2.604859	1.072589	13.637203
-0.9193620000000001	-0.306454	10.419436
0.612908	-1.53227	8.427485
0.9193620000000001	-2.758086	7.354896000000001
0.612908	-3.06454	6.741988
0.0	-2.604859	5.975853
0.0	-2.604859	5.362945
-1.53227	-1.379043	5.362945
-2.9113130000000003	-0.153227	4.903264
-3.9839019999999996	0.612908	4.750037
-4.443583	1.379043	4.59681
-4.903264	1.53227	4.750037
-4.59681	1.072589	5.056491
-4.443583	0.153227	5.362945
-4.137129	-0.766135	5.975853
-4.137129	-0.766135	7.508122999999999
-3.217767	-1.225816	7.508122999999999
-1.9919509999999998	-1.8387240000000002	10.572663
-0.153227	-3.370994	14.403338
0.306454	-4.59681	17.467878
-1.225816	-3.6774480000000005	17.927559
-2.604859	-2.9113130000000003	17.008198
-3.370994	-3.06454	15.782380999999999
-3.06454	-2.604859	13.637203
-1.685497	-1.53227	11.798478999999999
0.0	-0.766135	10.72589
0.9193620000000001	0.153227	10.266209
0.766135	0.766135	10.266209
-0.612908	1.072589	9.500074
-2.451632	0.766135	7.967803999999999
-3.370994	0.306454	6.282307
-3.06454	0.0	4.59681
-2.758086	0.0	3.217767
-2.145178	0.153227	2.451632
-1.072589	0.0	1.9919509999999998
-1.685497	-0.306454	1.9919509999999998
-2.298405	-0.612908	2.298405
-2.145178	-0.9193620000000001	3.217767
-3.524221	-0.9193620000000001	5.056491
-6.12908	-1.072589	9.500074
-4.443583	2.451632	16.85497
1.685497	4.290356	19.45983
-3.830675	1.8387240000000002	19.45983
-5.516172	1.072589	18.846922
-4.137129	0.612908	15.3227
-2.9113130000000003	-0.153227	11.951706
-0.612908	-1.685497	10.266209
0.9193620000000001	-2.604859	9.040393
0.9193620000000001	-2.604859	8.274258
0.306454	-2.298405	8.887166
-0.612908	-1.53227	9.653300999999999
-2.298405	-0.45968100000000006	8.887166
-3.524221	0.306454	7.354896000000001
-4.290356	0.612908	5.975853
-4.290356	0.766135	4.59681
-4.59681	0.766135	3.6774480000000005
-4.290356	0.45968100000000006	3.370994
-2.758086	-0.153227	2.9113130000000003
-1.225816	-1.225816	3.217767
-2.9113130000000003	-1.685497	5.362945
-3.370994	-3.370994	11.032344
1.53227	-5.516172	14.709792000000002
-0.9193620000000001	-2.298405	17.927559
-2.604859	-0.612908	19.45983
-5.516172	-0.9193620000000001	19.45983
-6.282307	-0.45968100000000006	18.38724
-3.830675	-0.153227	15.016245999999999
-3.06454	0.153227	12.104933
-2.9113130000000003	-0.153227	9.346847
-3.06454	-0.612908	7.048442
-2.758086	-0.45968100000000006	5.362945
-1.685497	0.612908	3.06454
0.45968100000000006	1.8387240000000002	1.379043
0.9193620000000001	2.604859	0.0
0.153227	2.604859	-0.9193620000000001
-1.685497	1.9919509999999998	-1.072589
-2.451632	0.45968100000000006	-0.45968100000000006
-1.53227	-0.45968100000000006	1.225816
-0.45968100000000006	-1.072589	3.6774480000000005
1.8387240000000002	-2.451632	3.524221
5.056491	-4.443583	7.201669
1.53227	-2.298405	16.088835
-5.209718	4.137129	19.45983
-7.814577000000001	6.12908	19.45983
-7.048442	5.209718	19.45983
-5.362945	2.298405	18.38724
-5.516172	0.612908	13.943657
-5.669398999999999	0.153227	10.419436
-3.9839019999999996	0.0	8.121031
-3.370994	0.766135	6.282307
-4.290356	1.8387240000000002	5.209718
-6.895214999999999	1.225816	6.282307
-13.943657	-1.379043	10.419436
-11.492025	-5.8226260000000005	12.564614
-2.451632	-7.814577000000001	11.645252000000001
-4.137129	-2.451632	14.556564999999999
-6.282307	1.9919509999999998	18.846922
-6.282307	3.9839019999999996	19.306601999999998
-6.12908	1.8387240000000002	17.774332
-6.741988	0.306454	15.935607999999998
-7.66135	-1.225816	13.330748999999999
-5.056491	-1.8387240000000002	9.806528
-1.685497	-2.298405	7.048442
-0.153227	-2.758086	5.362945
0.306454	-2.758086	4.290356
0.766135	-2.604859	3.9839019999999996
1.225816	-2.298405	4.59681
1.8387240000000002	-1.8387240000000002	5.8226260000000005
1.225816	-1.685497	7.66135
1.225816	-1.685497	9.346847
0.766135	-2.298405	10.266209
-0.153227	-3.524221	10.72589
-0.9193620000000001	-3.9839019999999996	10.572663
-0.612908	-2.9113130000000003	9.346847
-0.45968100000000006	-1.379043	7.66135
-1.8387240000000002	0.153227	7.354896000000001
-3.9839019999999996	1.379043	7.66135
-11.645252000000001	1.379043	10.266209
-17.467878	3.524221	14.709792000000002
-7.201669	2.145178	10.879116999999999
-1.9919509999999998	-1.379043	10.879116999999999
-5.362945	-1.9919509999999998	13.024295
-5.8226260000000005	-0.153227	13.943657
-6.282307	0.153227	13.024295
-5.516172	-0.766135	12.411387
-4.59681	-2.9113130000000003	11.492025
-3.370994	-4.137129	10.879116999999999
-2.298405	-3.6774480000000005	9.959755
-1.9919509999999998	-2.451632	9.19362
-1.8387240000000002	-1.53227	7.967803999999999
-1.072589	-0.45968100000000006	6.741988
-0.45968100000000006	0.612908	5.669398999999999
0.0	1.53227	5.056491
0.306454	2.145178	4.59681
0.45968100000000006	2.298405	4.59681
0.306454	2.145178	5.056491
-0.153227	1.8387240000000002	5.669398999999999
-0.45968100000000006	1.9919509999999998	6.435534
-0.306454	1.9919509999999998	7.66135
0.45968100000000006	1.53227	9.346847
0.0	0.612908	11.951706
0.0	0.612908	14.709792000000002
-1.685497	0.612908	14.709792000000002
-6.435534	1.9919509999999998	14.709792000000002
-12.25816	4.290356	15.016245999999999
-11.951706	5.975853	14.556564999999999
-5.669398999999999	4.59681	12.104933
-4.59681	1.9919509999999998	9.959755
-6.588761	0.766135	8.733939
-7.814577000000001	-0.45968100000000006	8.274258
-7.814577000000001	-0.45968100000000006	8.121031
-7.66135	-1.9919509999999998	8.121031
-6.895214999999999	-3.524221	8.580712
-5.516172	-2.758086	9.19362
-4.290356	-1.379043	9.806528
-3.830675	-0.306454	10.72589
-4.443583	0.0	11.645252000000001
-5.056491	0.0	11.492025
-5.362945	-0.153227	10.266209
-5.362945	-0.153227	8.733939
-4.903264	-0.153227	8.733939
-4.443583	-0.306454	7.048442
-3.9839019999999996	-0.766135	5.8226260000000005
-3.370994	-1.379043	5.209718
-2.451632	-1.9919509999999998	4.903264
-2.145178	-2.298405	4.750037
-1.379043	-3.06454	5.669398999999999
-0.9193620000000001	-3.830675	6.588761
-0.9193620000000001	-3.830675	7.814577000000001
-0.9193620000000001	-4.59681	7.814577000000001
-1.225816	-4.903264	9.19362
-1.072589	-4.903264	9.806528
-0.45968100000000006	-3.9839019999999996	10.112982
0.153227	-2.9113130000000003	10.112982
0.306454	-1.9919509999999998	9.959755
0.153227	-1.379043	10.112982
0.0	-1.072589	9.806528
0.0	-1.072589	9.653300999999999
-0.306454	-1.072589	9.653300999999999
-0.45968100000000006	-1.225816	9.500074
-0.612908	-1.072589	9.653300999999999
-2.298405	-0.612908	10.72589
-3.524221	0.306454	12.104933
-7.354896000000001	-0.153227	12.25816
-12.25816	0.0	13.177522
-7.967803999999999	0.306454	11.338797999999999
-7.967803999999999	-0.612908	7.201669
-2.604859	-0.612908	7.201669
-0.612908	-1.225816	5.362945
-1.225816	-1.53227	5.669398999999999
-3.370994	-1.072589	7.048442
-4.443583	-0.612908	8.121031
-3.830675	-0.45968100000000006	8.887166
-2.451632	-1.225816	10.266209
-1.9919509999999998	-1.53227	11.492025
-1.9919509999999998	-0.612908	11.951706
-1.8387240000000002	-0.612908	11.951706
-1.9919509999999998	0.306454	11.492025
-1.53227	0.45968100000000006	9.653300999999999
-1.225816	-0.153227	7.967803999999999
-0.9193620000000001	-0.306454	7.048442
-0.766135	-0.45968100000000006	6.588761
-0.45968100000000006	-0.45968100000000006	6.435534
-0.153227	-0.306454	6.741988
-0.153227	0.153227	7.354896000000001
0.153227	0.153227	7.354896000000001
0.45968100000000006	0.153227	8.121031
0.45968100000000006	-0.306454	9.040393
-0.153227	-0.9193620000000001	9.19362
-0.45968100000000006	-1.53227	9.500074
-0.766135	-1.8387240000000002	9.806528
-1.072589	-1.9919509999999998	9.653300999999999
-1.53227	-1.53227	9.040393
-1.53227	-0.612908	8.733939
-1.9919509999999998	-0.612908	8.733939
-2.451632	0.306454	8.274258
-3.217767	1.072589	7.814577000000001
-3.830675	1.379043	7.201669
-3.9839019999999996	1.225816	6.282307
-4.290356	0.153227	5.362945
-3.9839019999999996	-1.685497	4.903264
-3.217767	-2.9113130000000003	4.443583
-3.217767	-3.6774480000000005	4.443583
-2.298405	-3.6774480000000005	4.443583
-2.145178	-1.8387240000000002	5.209718
-3.9839019999999996	-0.9193620000000001	9.653300999999999
-5.669398999999999	-3.370994	16.088835
-0.306454	-4.137129	17.927559
0.0	-3.217767	19.000149
-1.8387240000000002	-1.072589	18.234013
-3.06454	0.0	15.016245999999999
-3.06454	-0.9193620000000001	12.104933
-2.9113130000000003	-0.9193620000000001	12.104933
-1.685497	-0.612908	9.653300999999999
0.0	0.153227	7.66135
1.379043	0.153227	6.588761
1.685497	-0.153227	6.895214999999999
0.612908	0.0	7.66135
-0.766135	0.306454	8.121031
-1.9919509999999998	0.0	7.508122999999999
-2.9113130000000003	-0.612908	6.741988
-3.370994	-0.612908	5.975853
-3.830675	-0.766135	5.056491
-4.137129	-1.072589	4.59681
-3.9839019999999996	-1.072589	4.443583
-3.06454	-0.45968100000000006	4.750037
-1.685497	0.45968100000000006	5.8226260000000005
-2.298405	0.612908	7.201669
-7.508122999999999	1.53227	11.798478999999999
-6.282307	4.59681	18.234013
2.451632	3.06454	19.45983
-3.524221	1.072589	19.45983
-4.903264	0.766135	18.846922
-4.443583	0.306454	14.863019
-3.6774480000000005	-0.612908	10.572663
-1.225816	-1.9919509999999998	7.508122999999999
1.685497	-3.06454	5.516172
2.298405	-3.217767	4.443583
3.06454	-2.298405	4.443583
2.604859	-1.53227	5.8226260000000005
0.612908	-1.379043	7.048442
-1.8387240000000002	-1.072589	7.66135
-3.370994	-0.45968100000000006	7.508122999999999
-4.750037	0.153227	7.201669
-5.516172	0.45968100000000006	6.588761
-4.903264	0.612908	6.12908
-4.750037	0.45968100000000006	5.8226260000000005
-4.137129	0.153227	5.669398999999999
-2.9113130000000003	-0.45968100000000006	6.12908
-3.370994	-1.379043	7.66135
-6.588761	-1.9919509999999998	12.564614
-1.685497	-4.137129	16.088835
-1.685497	-4.137129	16.85497
2.298405	-4.903264	16.85497
0.153227	-2.451632	16.395288
-0.766135	-1.53227	16.395288
-2.451632	-2.451632	15.016245999999999
-3.217767	-2.758086	13.024295
-3.06454	-2.298405	11.185571000000001
-1.072589	-1.8387240000000002	9.500074
1.072589	-1.379043	9.040393
0.766135	-0.612908	9.346847
-1.072589	0.153227	9.500074
-3.217767	0.612908	8.427485
-4.290356	0.766135	6.588761
-4.137129	0.612908	5.056491
-3.524221	0.766135	3.830675
-2.451632	0.766135	2.9113130000000003
-1.379043	0.612908	2.298405
-1.53227	0.612908	2.145178
-1.8387240000000002	0.612908	2.451632
-3.06454	0.766135	3.217767
-4.59681	0.766135	5.669398999999999
-5.669398999999999	0.612908	11.338797999999999
1.8387240000000002	-0.766135	17.467878
-0.9193620000000001	-1.9919509999999998	19.45983
-5.975853	0.0	19.45983
-5.362945	0.306454	19.153376
-2.604859	0.0	15.935607999999998
-0.9193620000000001	0.0	12.717841
-1.072589	-0.612908	10.419436
-0.766135	-0.306454	8.427485
-0.306454	-0.45968100000000006	7.508122999999999
-1.379043	-1.379043	7.048442
-3.370994	-1.8387240000000002	6.12908
-4.443583	-2.298405	4.443583
-4.137129	-2.451632	3.370994
-3.524221	-1.8387240000000002	2.451632
-2.758086	-0.9193620000000001	1.8387240000000002
-1.8387240000000002	-0.153227	1.379043
-1.8387240000000002	-0.153227	2.298405
-2.298405	0.45968100000000006	2.298405
-4.137129	1.53227	6.741988
-0.612908	1.225816	12.871068
1.072589	-0.153227	15.475926999999999
-1.9919509999999998	-3.524221	19.45983
-5.362945	-2.9113130000000003	19.45983
-4.750037	-2.9113130000000003	19.306601999999998
-2.604859	-2.604859	16.85497
-2.604859	-1.379043	13.637203
-1.379043	-1.072589	10.72589
0.0	-0.766135	8.733939
-0.153227	-0.153227	7.508122999999999
-1.072589	0.45968100000000006	6.435534
-2.298405	0.9193620000000001	4.903264
-3.217767	0.766135	3.524221
-3.370994	0.612908	2.604859
-2.9113130000000003	0.306454	1.53227
-2.451632	0.153227	1.072589
-2.298405	-0.306454	0.9193620000000001
-1.685497	-0.9193620000000001	1.53227
-2.298405	-1.225816	2.758086
-1.9919509999999998	0.612908	11.951706
3.9839019999999996	1.8387240000000002	19.153376
-7.967803999999999	1.379043	19.45983
-7.814577000000001	3.217767	19.45983
-6.435534	1.379043	18.846922
-3.9839019999999996	0.612908	14.250110999999999
-1.685497	-0.612908	10.72589
-0.306454	-1.8387240000000002	7.66135
0.9193620000000001	-1.9919509999999998	5.516172
1.225816	-1.8387240000000002	4.443583
1.072589	-1.8387240000000002	4.137129
-0.153227	-1.685497	3.6774480000000005
-1.9919509999999998	-1.225816	3.06454
-3.524221	-0.612908	2.9113130000000003
-4.443583	-0.153227	2.9113130000000003
-4.750037	0.153227	3.06454
-5.209718	-0.45968100000000006	3.524221
-4.750037	-1.379043	4.903264
-4.903264	-1.685497	7.354896000000001
-4.750037	-2.9113130000000003	14.863019
-0.612908	-5.669398999999999	19.45983
-1.8387240000000002	-3.217767	19.45983
-4.443583	-0.306454	19.45983
-3.830675	0.45968100000000006	18.38724
-4.443583	-1.379043	14.556564999999999
-4.137129	-2.298405	11.645252000000001
-4.137129	-2.451632	9.19362
-2.451632	-2.451632	9.19362
0.612908	-1.685497	6.741988
2.451632	-0.9193620000000001	6.12908
1.53227	0.153227	6.895214999999999
-0.153227	1.379043	6.895214999999999
-2.298405	1.8387240000000002	6.12908
-3.370994	1.379043	5.209718
-4.137129	1.072589	4.443583
-4.137129	1.072589	3.830675
-4.443583	1.072589	3.830675
-3.9839019999999996	1.225816	3.370994
-3.06454	0.45968100000000006	2.9113130000000003
-1.9919509999999998	-0.45968100000000006	2.9113130000000003
-1.225816	-0.9193620000000001	3.06454
-0.45968100000000006	-1.225816	3.9839019999999996
-1.9919509999999998	-0.9193620000000001	6.12908
-5.209718	-0.766135	11.645252000000001
-5.209718	-0.766135	18.234013
-3.6774480000000005	1.379043	18.234013
-1.53227	1.9919509999999998	19.45983
-4.903264	1.8387240000000002	19.45983
-6.12908	1.379043	19.306601999999998
-4.137129	0.766135	16.395288
-2.145178	0.153227	12.871068
-0.45968100000000006	-0.9193620000000001	10.572663
0.306454	-1.225816	8.733939
0.306454	-1.225816	7.354896000000001
0.766135	-0.9193620000000001	7.354896000000001
0.766135	-0.9193620000000001	6.895214999999999
1.072589	-1.072589	7.201669
-0.153227	-0.45968100000000006	6.741988
-1.53227	0.45968100000000006	5.516172
-2.9113130000000003	0.9193620000000001	4.59681
-3.6774480000000005	1.53227	3.6774480000000005
-4.443583	1.53227	3.217767
-4.903264	0.45968100000000006	3.217767
-4.137129	-0.9193620000000001	3.9839019999999996
-4.137129	-2.145178	5.209718
-4.59681	-2.298405	8.274258
-3.9839019999999996	-2.604859	13.943657
-4.59681	-5.669398999999999	19.153376
-1.9919509999999998	-4.443583	19.45983
-1.8387240000000002	-0.153227	19.45983
-1.8387240000000002	0.0	16.701742000000003
-3.217767	0.0	16.701742000000003
-2.758086	-1.685497	12.717841
-1.379043	-2.145178	9.346847
0.45968100000000006	-2.145178	6.588761
1.8387240000000002	-2.145178	5.516172
2.451632	-2.145178	4.903264
2.145178	-1.8387240000000002	5.209718
-1.379043	-1.072589	6.741988
-2.604859	0.153227	7.048442
-3.370994	1.685497	7.354896000000001
-3.6774480000000005	2.9113130000000003	7.814577000000001
-3.06454	2.298405	8.427485
-3.524221	0.612908	8.427485
-4.750037	0.45968100000000006	7.967803999999999
-4.903264	1.072589	8.427485
-4.903264	1.53227	11.032344
-9.500074	1.53227	11.032344
-14.250110999999999	5.669398999999999	17.467878
-3.06454	5.669398999999999	19.306601999999998
-2.145178	-1.53227	19.45983
-5.8226260000000005	-4.903264	19.45983
-6.741988	-5.056491	18.540466000000002
-4.443583	-4.137129	15.475926999999999
-2.145178	-3.217767	12.411387
-2.145178	-2.451632	9.500074
-0.612908	-2.451632	9.500074
0.612908	-1.072589	7.508122999999999
1.685497	0.9193620000000001	5.975853
2.758086	2.298405	5.056491
2.604859	2.604859	4.59681
1.9919509999999998	3.217767	4.443583
1.072589	3.9839019999999996	4.443583
-0.612908	4.750037	4.59681
-0.612908	5.056491	5.516172
-1.225816	5.056491	5.516172
-0.9193620000000001	2.9113130000000003	7.048442
-1.685497	0.9193620000000001	8.733939
-6.588761	1.379043	9.653300999999999
-14.250110999999999	1.8387240000000002	13.483976
-14.403338	-1.225816	16.242062
-6.282307	-3.370994	13.637203
-3.524221	-1.685497	11.951706
-4.903264	0.0	12.411387
-5.516172	0.612908	12.717841
-5.669398999999999	0.612908	11.951706
-5.975853	0.766135	12.104933
-4.59681	0.612908	11.951706
-3.6774480000000005	0.766135	11.338797999999999
-3.9839019999999996	1.225816	10.72589
-4.59681	1.225816	9.19362
-4.59681	1.379043	7.354896000000001
-4.443583	1.379043	7.354896000000001
-3.370994	1.072589	5.516172
-2.298405	0.45968100000000006	4.59681
-2.298405	-0.45968100000000006	4.137129
-2.451632	-1.379043	3.9839019999999996
-2.298405	-2.758086	4.290356
-1.9919509999999998	-4.137129	4.903264
-0.766135	-5.669398999999999	5.516172
0.45968100000000006	-6.435534	6.588761
1.53227	-6.588761	8.274258
0.766135	-5.209718	9.653300999999999
-0.306454	-3.524221	10.72589
-1.8387240000000002	-2.9113130000000003	11.338797999999999
-2.604859	-2.604859	12.25816
-1.072589	-1.685497	12.104933
-0.306454	-0.9193620000000001	11.798478999999999
-0.45968100000000006	0.153227	13.024295
-0.766135	1.379043	13.637203
-6.895214999999999	0.612908	13.330748999999999
-11.798478999999999	-0.45968100000000006	13.943657
-7.048442	-1.072589	11.338797999999999
-2.9113130000000003	-1.685497	9.19362
-2.9113130000000003	-1.53227	8.580712
-3.217767	-0.766135	8.580712
-3.524221	0.766135	8.733939
-4.750037	2.451632	8.733939
-4.903264	3.370994	9.040393
-4.290356	1.53227	9.500074
-3.524221	-0.612908	10.112982
-2.604859	-1.8387240000000002	10.112982
-2.145178	-1.53227	9.500074
-1.685497	-1.072589	8.887166
-0.9193620000000001	-0.612908	7.814577000000001
-0.612908	0.153227	7.201669
-1.685497	0.612908	7.048442
-2.298405	0.9193620000000001	6.741988
-2.145178	1.225816	6.588761
-1.685497	1.8387240000000002	6.282307
-1.225816	2.451632	6.282307
-0.306454	2.298405	6.741988
0.306454	1.685497	7.508122999999999
0.612908	0.612908	8.121031
0.0	-0.766135	9.500074
-1.072589	-1.53227	11.338797999999999
-1.685497	-1.072589	12.25816
-1.685497	0.306454	11.798478999999999
-2.451632	1.9919509999999998	11.798478999999999
-4.750037	3.370994	12.564614
-5.975853	4.137129	13.330748999999999
-9.040393	3.6774480000000005	14.096884
-9.500074	1.53227	13.943657
-6.741988	-0.766135	11.032344
-5.209718	-1.8387240000000002	8.427485
-5.362945	-1.53227	7.201669
-5.056491	-0.9193620000000001	7.201669
-4.137129	-0.153227	7.967803999999999
-4.137129	1.379043	8.887166
-4.443583	2.298405	10.572663
-4.59681	1.9919509999999998	11.951706
-4.750037	0.766135	12.411387
-4.750037	-0.612908	11.338797999999999
-4.59681	-1.685497	9.959755
-4.137129	-1.53227	8.121031
-3.6774480000000005	-1.379043	6.588761
-2.9113130000000003	-1.53227	5.8226260000000005
-2.451632	-1.8387240000000002	5.209718
-1.685497	-2.145178	5.209718
-1.379043	-2.9113130000000003	5.516172
-1.225816	-3.370994	6.741988
-1.072589	-3.6774480000000005	7.967803999999999
-1.53227	-3.370994	9.346847
-1.53227	-2.9113130000000003	9.959755
-1.072589	-2.145178	10.112982
-0.306454	-1.379043	9.653300999999999
-0.45968100000000006	-0.766135	9.19362
-0.9193620000000001	-0.766135	8.887166
-1.072589	-1.072589	9.040393
-0.766135	-1.225816	9.346847
-0.766135	-0.9193620000000001	9.806528
-0.9193620000000001	-1.072589	10.266209
-1.072589	-1.53227	10.72589
-1.072589	-1.379043	11.032344
-1.685497	-0.612908	11.951706
-1.9919509999999998	0.306454	11.798478999999999
-4.137129	-0.306454	11.185571000000001
-8.427485	-1.072589	11.492025
-8.887166	-1.072589	12.411387
-5.056491	-2.298405	9.959755
-3.217767	-2.9113130000000003	7.814577000000001
-3.06454	-2.298405	7.048442
-3.217767	-1.53227	6.895214999999999
-3.217767	-0.306454	6.588761
-3.524221	0.9193620000000001	6.895214999999999
-3.524221	1.53227	7.66135
-2.758086	0.45968100000000006	8.733939
-1.9919509999999998	-0.612908	9.806528
-1.9919509999999998	-1.072589	10.879116999999999
-2.604859	-0.9193620000000001	10.72589
-2.298405	-0.9193620000000001	10.266209
-1.379043	-0.9193620000000001	9.346847
-0.612908	-0.612908	8.427485
-0.45968100000000006	-0.153227	7.66135
-0.612908	0.306454	7.201669
-0.612908	0.45968100000000006	7.201669
-0.612908	0.612908	7.354896000000001
-0.45968100000000006	0.45968100000000006	7.814577000000001
-0.612908	0.0	8.121031
-0.9193620000000001	-0.45968100000000006	8.427485
-0.612908	-1.072589	8.580712
-0.612908	-1.225816	8.580712
-0.766135	-1.072589	8.274258
-1.072589	-0.766135	8.121031
-1.225816	-0.306454	7.508122999999999
-1.379043	-0.306454	6.895214999999999
-1.9919509999999998	0.0	6.435534
-1.8387240000000002	0.0	6.435534
-1.685497	-0.153227	6.435534
-3.06454	-0.153227	6.435534
-4.137129	-0.306454	6.741988
-4.903264	-0.9193620000000001	6.435534
-5.516172	-1.9919509999999998	6.435534
-5.8226260000000005	-2.758086	7.048442
-4.59681	-3.217767	8.121031
-2.451632	-1.685497	9.346847
-4.443583	-0.612908	13.943657
-4.443583	-0.612908	19.306601999999998
-7.201669	-3.524221	19.306601999999998
-1.072589	-4.750037	18.693693
-0.153227	-2.298405	15.016245999999999
-2.451632	-1.379043	13.330748999999999
-2.451632	-0.306454	11.185571000000001
-1.8387240000000002	0.0	8.887166
-1.685497	0.153227	7.508122999999999
-1.225816	-0.45968100000000006	7.048442
-1.225816	-0.45968100000000006	7.201669
0.766135	-1.072589	7.201669
1.225816	-0.9193620000000001	8.580712
0.45968100000000006	-0.766135	10.419436
-1.685497	0.0	10.572663
-2.9113130000000003	0.153227	8.887166
-3.370994	0.0	6.741988
-2.9113130000000003	-0.306454	5.362945
-2.758086	0.0	4.290356
-2.758086	0.0	3.6774480000000005
-2.604859	-0.306454	3.6774480000000005
-2.451632	-0.612908	3.370994
-3.217767	-0.306454	3.524221
-3.9839019999999996	-0.153227	4.290356
-3.830675	0.9193620000000001	5.516172
-5.975853	1.379043	8.274258
-9.500074	3.370994	15.629154000000002
1.685497	5.8226260000000005	19.45983
1.685497	0.45968100000000006	19.45983
-1.072589	0.45968100000000006	19.45983
-5.516172	-2.298405	19.45983
-5.209718	-2.604859	17.314651
-3.524221	-1.225816	11.798478999999999
-1.53227	-1.072589	7.967803999999999
0.766135	-1.53227	5.669398999999999
2.145178	-0.766135	4.137129
1.8387240000000002	0.0	4.443583
1.8387240000000002	0.0	6.12908
0.9193620000000001	0.0	6.12908
-0.45968100000000006	0.0	7.354896000000001
-1.379043	-0.306454	8.121031
-1.072589	-0.306454	8.733939
-0.45968100000000006	-0.45968100000000006	9.653300999999999
-1.685497	-0.9193620000000001	10.266209
-3.830675	-1.072589	10.266209
-5.209718	-0.153227	9.653300999999999
-5.209718	1.225816	7.967803999999999
-5.516172	1.225816	7.967803999999999
-5.516172	1.9919509999999998	6.435534
-5.056491	1.685497	5.056491
-3.524221	0.0	4.290356
-1.379043	-2.145178	3.524221
-3.06454	-3.370994	4.137129
-9.040393	-5.362945	9.653300999999999
-1.685497	-8.274258	13.024295
-1.685497	-4.290356	15.782380999999999
3.524221	-4.290356	15.782380999999999
-2.9113130000000003	-0.306454	19.45983
-8.733939	0.9193620000000001	19.45983
-8.733939	0.766135	19.45983
-5.8226260000000005	-0.306454	16.242062
-3.6774480000000005	-1.379043	10.572663
-0.9193620000000001	-1.9919509999999998	3.9839019999999996
1.8387240000000002	-1.9919509999999998	3.9839019999999996
1.53227	-1.225816	3.370994
1.379043	0.0	2.9113130000000003
0.9193620000000001	0.45968100000000006	2.604859
0.45968100000000006	1.072589	2.604859
0.153227	1.225816	3.06454
0.0	0.766135	4.137129
-0.306454	-0.153227	5.669398999999999
-1.685497	-0.9193620000000001	7.66135
-4.290356	-1.379043	9.500074
-6.435534	-1.8387240000000002	10.112982
-6.588761	-2.298405	9.653300999999999
-3.524221	-0.306454	7.048442
-1.8387240000000002	0.45968100000000006	6.588761
-2.451632	-0.306454	7.048442
-6.12908	0.153227	9.959755
-6.12908	2.758086	15.935607999999998
1.9919509999999998	3.9839019999999996	18.540466000000002
-1.225816	2.298405	18.540466000000002
-2.604859	1.072589	17.927559
-3.06454	0.0	15.169473000000002
-2.145178	-0.153227	11.951706
-1.685497	-1.072589	9.806528
-0.612908	-0.766135	8.121031
0.0	0.0	6.741988
0.153227	0.306454	6.741988
0.306454	0.0	7.508122999999999
0.153227	-0.612908	8.427485
-0.612908	-0.9193620000000001	9.040393
-1.53227	-1.225816	8.887166
-1.685497	-0.306454	8.121031
-2.298405	0.45968100000000006	7.201669
-3.370994	0.9193620000000001	6.588761
-4.59681	0.9193620000000001	5.975853
-4.750037	0.306454	5.209718
-4.137129	-0.766135	4.290356
-3.830675	-1.225816	3.6774480000000005
-3.524221	-1.379043	3.6774480000000005
-4.750037	-0.9193620000000001	5.362945
-4.59681	-2.9113130000000003	10.72589
4.443583	-4.137129	12.717841
1.379043	-1.072589	17.161425
-3.830675	-1.53227	19.45983
-6.588761	-3.830675	19.45983
-6.12908	-4.290356	19.000149
-4.903264	-2.9113130000000003	16.088835
-2.298405	-1.072589	12.717841
0.612908	-0.153227	10.112982
1.53227	0.153227	9.040393
0.45968100000000006	0.766135	8.274258
-1.685497	1.225816	7.201669
-3.524221	0.766135	5.516172
-4.137129	-0.306454	4.137129
-3.6774480000000005	-0.612908	2.9113130000000003
-2.9113130000000003	-0.153227	2.145178
-1.072589	0.306454	1.53227
-0.612908	0.153227	1.072589
-1.072589	-0.306454	0.766135
-1.379043	-0.153227	1.53227
-3.06454	0.0	4.137129
-4.443583	0.9193620000000001	8.733939
3.06454	3.217767	12.871068
2.298405	3.6774480000000005	19.306601999999998
-8.274258	-0.306454	19.45983
-12.564614	-0.153227	19.45983
-6.741988	-0.45968100000000006	18.693693
-2.9113130000000003	0.153227	14.403338
-1.225816	0.153227	11.032344
0.612908	0.0	8.580712
0.612908	0.0	7.048442
1.8387240000000002	-0.306454	7.048442
1.225816	-0.612908	6.282307
0.612908	-0.9193620000000001	6.282307
-0.45968100000000006	-1.072589	6.12908
-1.8387240000000002	-0.766135	5.362945
-3.217767	0.306454	5.209718
-4.750037	0.612908	5.056491
-5.209718	1.225816	5.056491
-5.209718	1.225816	4.750037
-4.443583	0.9193620000000001	4.750037
-3.06454	-0.306454	4.59681
-3.217767	-0.766135	5.056491
-2.604859	-0.766135	6.282307
-4.443583	-0.612908	9.346847
-4.750037	-2.451632	15.169473000000002
-0.306454	-5.362945	17.774332
1.379043	-4.59681	19.000149
1.379043	-4.59681	18.38724
-0.612908	-3.370994	18.38724
-2.451632	-4.290356	17.161425
-3.524221	-4.59681	14.556564999999999
-3.217767	-3.830675	12.411387
-2.451632	-2.451632	10.72589
-0.766135	-0.766135	9.806528
0.0	0.45968100000000006	9.500074
-0.306454	1.685497	9.19362
-0.306454	1.685497	7.967803999999999
-1.379043	2.298405	7.967803999999999
-1.685497	2.604859	6.282307
-1.685497	2.298405	4.750037
-1.072589	1.53227	4.290356
-0.9193620000000001	0.45968100000000006	4.137129
-2.298405	-0.612908	4.290356
-3.370994	-1.685497	4.903264
-4.137129	-2.758086	4.903264
-4.137129	-3.06454	4.750037
-3.524221	-3.06454	4.750037
-3.217767	-2.145178	4.59681
-2.451632	-0.306454	4.903264
-1.8387240000000002	1.225816	5.975853
-3.370994	1.685497	8.121031
-6.741988	1.53227	13.483976
-5.669398999999999	3.06454	19.153376
-0.9193620000000001	3.217767	19.45983
-0.9193620000000001	2.145178	19.153376
-4.290356	2.145178	19.153376
-4.137129	0.612908	16.701742000000003
-2.9113130000000003	-0.153227	13.330748999999999
-1.53227	-0.612908	10.266209
-0.306454	-1.685497	8.121031
0.612908	-1.225816	6.895214999999999
1.379043	0.153227	6.588761
2.298405	0.612908	7.66135
2.298405	0.45968100000000006	9.346847
1.685497	0.45968100000000006	9.346847
-0.306454	0.45968100000000006	10.112982
-2.451632	0.9193620000000001	9.500074
-2.758086	1.685497	8.274258
-2.9113130000000003	1.9919509999999998	7.048442
-3.370994	1.9919509999999998	6.12908
-3.524221	1.53227	5.209718
-4.443583	0.153227	4.59681
-4.443583	-1.53227	4.443583
-5.362945	-1.53227	4.443583
-5.516172	-2.9113130000000003	5.056491
-5.362945	-3.6774480000000005	5.516172
-3.830675	-2.9113130000000003	6.895214999999999
-1.379043	-3.217767	11.032344
-1.379043	-4.903264	16.395288
-1.9919509999999998	-3.524221	19.45983
-4.137129	-0.153227	19.45983
-5.975853	0.0	19.306601999999998
-4.59681	-0.9193620000000001	15.782380999999999
-3.217767	-1.225816	11.492025
-1.53227	-1.685497	7.967803999999999
0.306454	-1.8387240000000002	5.362945
2.9113130000000003	-1.072589	3.9839019999999996
4.137129	-0.306454	3.06454
2.451632	-0.306454	3.06454
0.306454	-0.766135	3.370994
-2.145178	-0.766135	3.524221
-3.524221	-0.612908	4.137129
-3.217767	-0.153227	4.59681
-2.451632	0.306454	5.362945
-2.298405	0.45968100000000006	7.048442
-5.362945	0.153227	8.427485
-6.282307	0.612908	9.346847
-7.967803999999999	1.379043	10.112982
-12.871068	5.362945	14.096884
-6.12908	11.338797999999999	19.153376
-0.45968100000000006	4.750037	19.45983
-5.669398999999999	-2.298405	19.45983
-7.508122999999999	-5.056491	19.45983
-7.508122999999999	-5.516172	18.540466000000002
-4.443583	-5.056491	15.016245999999999
-0.612908	-5.056491	11.338797999999999
1.379043	-3.524221	8.887166
1.8387240000000002	-0.612908	7.66135
1.8387240000000002	1.685497	7.048442
1.685497	3.06454	7.048442
1.379043	3.6774480000000005	7.508122999999999
1.379043	4.137129	7.66135
0.612908	4.750037	7.66135
-1.072589	5.056491	7.354896000000001
-1.8387240000000002	3.9839019999999996	7.66135
-1.685497	2.145178	8.274258
-3.830675	1.8387240000000002	7.508122999999999
-9.653300999999999	3.06454	8.580712
-13.024295	2.145178	11.185571000000001
-9.653300999999999	-0.9193620000000001	11.338797999999999
-4.750037	-2.758086	9.653300999999999
-5.362945	-1.225816	9.346847
-5.516172	-0.45968100000000006	10.879116999999999
-4.59681	0.153227	11.645252000000001
-4.903264	1.685497	12.25816
-5.669398999999999	2.758086	14.250110999999999
-3.6774480000000005	0.0	13.637203
-4.750037	-0.9193620000000001	12.871068
-4.443583	-1.072589	10.72589
-5.669398999999999	-1.225816	8.121031
-4.903264	-0.306454	6.282307
-3.830675	0.9193620000000001	5.516172
-2.758086	1.072589	4.903264
-1.8387240000000002	0.612908	4.443583
-1.685497	0.0	4.443583
-1.9919509999999998	-0.766135	4.443583
-1.685497	-2.298405	4.750037
-1.072589	-3.9839019999999996	5.362945
-0.153227	-5.8226260000000005	6.282307
1.072589	-7.508122999999999	8.274258
1.53227	-6.895214999999999	10.112982
0.306454	-4.137129	11.338797999999999
-1.072589	-1.9919509999999998	11.951706
-2.298405	-0.9193620000000001	11.951706
-2.758086	-0.766135	11.492025
-2.604859	-0.612908	11.338797999999999
-2.9113130000000003	0.0	11.798478999999999
-4.443583	0.0	13.330748999999999
-8.733939	-0.306454	14.250110999999999
-7.048442	0.153227	13.483976
-7.048442	0.153227	11.338797999999999
-4.290356	-0.9193620000000001	11.338797999999999
-4.750037	-0.766135	9.959755
-4.290356	0.306454	9.19362
-3.9839019999999996	1.225816	9.040393
-4.59681	2.451632	8.733939
-5.056491	3.830675	8.121031
-4.137129	2.9113130000000003	7.814577000000001
-3.524221	0.9193620000000001	7.967803999999999
-3.524221	0.9193620000000001	7.814577000000001
-2.9113130000000003	-0.612908	7.814577000000001
-2.145178	-1.379043	7.66135
-1.9919509999999998	-1.072589	7.354896000000001
-2.145178	-0.45968100000000006	7.048442
-1.9919509999999998	0.306454	6.435534
-1.53227	1.072589	6.282307
-0.9193620000000001	1.685497	6.588761
-0.766135	1.9919509999999998	7.508122999999999
-0.766135	1.9919509999999998	8.427485
-1.225816	1.8387240000000002	8.427485
-1.685497	1.379043	9.19362
-1.225816	0.766135	9.653300999999999
-0.612908	0.153227	10.112982
-0.306454	-0.45968100000000006	10.879116999999999
-0.45968100000000006	-0.612908	11.951706
-1.379043	-0.306454	12.717841
-2.145178	0.612908	12.104933
-2.145178	0.612908	10.879116999999999
-1.379043	1.53227	10.879116999999999
-2.758086	3.06454	10.112982
-7.048442	4.59681	11.338797999999999
-8.580712	4.750037	12.564614
-7.048442	1.225816	12.564614
-5.056491	-1.225816	10.72589
-4.443583	-2.298405	8.427485
-4.750037	-2.451632	7.201669
-4.750037	-2.451632	7.048442
-4.903264	-1.9919509999999998	7.048442
-5.056491	-1.53227	7.66135
-4.750037	-0.45968100000000006	8.580712
-3.9839019999999996	0.153227	10.112982
-3.524221	0.0	11.645252000000001
-3.6774480000000005	-0.612908	12.717841
-3.9839019999999996	-1.379043	11.645252000000001
-3.6774480000000005	-1.379043	9.806528
-3.6774480000000005	-1.379043	7.967803999999999
-3.217767	-0.766135	7.967803999999999
-2.758086	-0.153227	6.435534
-2.298405	-0.153227	5.669398999999999
-1.53227	-0.766135	5.516172
-1.379043	-1.53227	5.8226260000000005
-1.379043	-2.298405	6.588761
-0.766135	-2.298405	6.588761
-0.153227	-2.604859	7.508122999999999
-0.306454	-2.451632	8.887166
-0.306454	-2.451632	10.112982
-0.306454	-1.685497	10.112982
-0.9193620000000001	-1.072589	11.032344
-1.8387240000000002	-0.766135	11.645252000000001
-2.298405	-0.766135	11.492025
-1.9919509999999998	-1.53227	10.419436
-1.9919509999999998	-2.145178	9.346847
-3.06454	-2.298405	8.427485
-6.435534	1.379043	10.879116999999999
-3.06454	1.225816	9.959755
-3.217767	0.306454	8.427485
-2.758086	0.153227	7.814577000000001
-2.758086	0.306454	7.66135
-3.524221	0.612908	7.967803999999999
-4.137129	0.9193620000000001	8.427485
-4.137129	-0.306454	8.733939
-3.524221	-0.306454	8.733939
-2.145178	-1.685497	8.733939
-1.225816	-2.298405	9.653300999999999
-1.225816	-1.8387240000000002	10.572663
-1.685497	0.0	10.879116999999999
-1.685497	1.379043	10.112982
-1.072589	1.8387240000000002	8.733939
-0.766135	1.53227	7.814577000000001
-0.766135	1.685497	7.66135
-1.225816	1.685497	7.66135
-1.225816	1.379043	7.508122999999999
-1.53227	1.225816	7.814577000000001
-1.685497	0.612908	8.274258
-1.072589	-0.153227	8.733939
-0.45968100000000006	-1.072589	8.887166
0.0	-1.9919509999999998	9.040393
0.153227	-2.451632	9.19362
0.153227	-2.9113130000000003	8.887166
-1.072589	-3.217767	8.427485
-1.379043	-2.9113130000000003	8.121031
-1.379043	-1.53227	7.814577000000001
-1.53227	0.0	7.967803999999999
-1.685497	0.9193620000000001	8.274258
-2.145178	1.685497	8.427485
-3.370994	1.8387240000000002	8.274258
-4.290356	1.8387240000000002	7.354896000000001
-4.750037	1.685497	6.588761
-5.056491	1.072589	6.12908
-5.362945	0.153227	5.669398999999999
-5.516172	-0.9193620000000001	5.975853
-5.209718	-2.145178	6.741988
-4.443583	-3.217767	9.653300999999999
-4.443583	-4.750037	15.475926999999999
-4.443583	-5.516172	18.846922
-4.290356	-5.516172	18.846922
-0.306454	-1.53227	17.774332
-0.766135	0.153227	16.242062
-1.8387240000000002	0.306454	14.556564999999999
-1.379043	-0.9193620000000001	11.798478999999999
-0.306454	-2.145178	9.653300999999999
-0.306454	-2.451632	7.967803999999999
0.306454	-2.451632	7.048442
1.225816	-2.298405	7.048442
0.9193620000000001	-1.8387240000000002	8.580712
0.612908	-1.072589	10.112982
-0.45968100000000006	-0.306454	10.112982
-1.379043	0.153227	9.040393
-1.9919509999999998	0.306454	7.814577000000001
-1.8387240000000002	0.306454	7.508122999999999
-2.298405	0.45968100000000006	7.66135
-3.370994	0.0	7.66135
-3.830675	-1.379043	7.508122999999999
-3.9839019999999996	-2.451632	6.741988
-3.6774480000000005	-2.604859	5.669398999999999
-3.06454	-1.685497	4.137129
-2.451632	-0.45968100000000006	3.370994
-2.451632	1.072589	3.370994
-2.604859	2.604859	3.9839019999999996
-3.830675	3.370994	5.362945
-7.048442	3.217767	10.879116999999999
-1.685497	2.604859	18.080786
0.9193620000000001	0.45968100000000006	19.45983
-1.9919509999999998	-0.306454	19.45983
-3.6774480000000005	-1.072589	19.306601999999998
-2.9113130000000003	-0.9193620000000001	15.935607999999998
-2.604859	-1.072589	11.798478999999999
-1.685497	-1.225816	9.040393
-0.306454	-0.306454	6.741988
1.379043	0.306454	5.516172
1.53227	0.45968100000000006	5.362945
0.306454	-0.153227	5.669398999999999
-0.45968100000000006	0.0	6.12908
-0.766135	0.45968100000000006	6.435534
-1.379043	1.072589	6.895214999999999
-2.758086	1.53227	7.508122999999999
-4.59681	1.9919509999999998	8.274258
-6.12908	1.9919509999999998	8.427485
-5.516172	1.225816	7.354896000000001
-5.209718	0.153227	6.282307
-4.59681	-1.225816	5.8226260000000005
-4.290356	-2.451632	5.669398999999999
-3.830675	-3.9839019999999996	7.048442
-3.370994	-5.056491	9.959755
-2.298405	-5.975853	14.556564999999999
0.766135	-5.056491	16.701742000000003
0.306454	-1.072589	16.242062
-1.379043	-0.45968100000000006	16.088835
-2.604859	-1.072589	15.016245999999999
-1.8387240000000002	-1.379043	12.717841
-1.225816	-0.612908	10.419436
-0.45968100000000006	0.0	9.040393
0.0	0.0	8.580712
0.153227	0.153227	9.040393
-0.612908	0.45968100000000006	9.500074
-1.9919509999999998	1.072589	8.887166
-2.604859	0.612908	7.354896000000001
-2.9113130000000003	-0.306454	5.975853
-2.9113130000000003	-0.306454	4.59681
-2.758086	0.0	3.6774480000000005
-2.298405	0.0	3.217767
-2.758086	0.306454	2.758086
-3.06454	0.0	2.758086
-2.758086	-0.306454	3.524221
-4.443583	-1.379043	5.975853
-3.370994	0.306454	11.951706
3.370994	1.9919509999999998	15.782380999999999
-1.379043	1.072589	19.45983
-5.056491	1.379043	19.45983
-5.975853	2.145178	19.306601999999998
-4.290356	1.8387240000000002	16.701742000000003
-2.9113130000000003	0.306454	13.943657
-1.225816	-1.072589	11.338797999999999
0.306454	-1.685497	9.19362
0.45968100000000006	-2.145178	7.967803999999999
-0.45968100000000006	-2.298405	7.66135
-1.072589	-1.53227	6.588761
-2.298405	-0.766135	5.516172
-5.056491	0.9193620000000001	3.9839019999999996
-5.209718	1.379043	3.370994
-4.290356	1.53227	2.758086
-2.758086	1.225816	2.451632
-1.9919509999999998	0.766135	2.451632
-1.53227	0.153227	3.6774480000000005
-3.217767	0.612908	6.12908
-5.362945	-0.612908	12.104933
-3.370994	-5.056491	17.467878
2.145178	-7.814577000000001	19.45983
-0.153227	-4.137129	19.45983
-3.524221	-2.9113130000000003	19.153376
-4.443583	-3.06454	16.85497
-3.524221	-2.604859	13.637203
-1.9919509999999998	-1.53227	10.879116999999999
0.153227	-1.225816	9.19362
1.53227	-1.225816	8.733939
1.53227	-1.225816	8.887166
0.9193620000000001	-1.53227	8.887166
-1.225816	-1.53227	8.733939
-3.217767	-1.072589	7.201669
-4.137129	-1.072589	5.056491
-3.9839019999999996	-0.9193620000000001	3.524221
-3.370994	-0.306454	2.604859
-2.9113130000000003	0.306454	1.9919509999999998
-2.604859	1.072589	1.8387240000000002
-2.604859	1.072589	2.145178
-1.379043	2.145178	2.145178
-2.758086	1.072589	3.06454
-6.895214999999999	1.072589	8.121031
-2.758086	2.451632	15.629154000000002
2.145178	1.685497	19.45983
-5.362945	0.766135	19.45983
-4.750037	1.072589	19.45983
-3.524221	0.45968100000000006	15.935607999999998
-3.524221	0.45968100000000006	11.951706
-3.217767	-0.306454	11.951706
-2.451632	-1.225816	9.806528
0.153227	-1.379043	7.967803999999999
1.9919509999999998	-1.225816	6.741988
0.9193620000000001	-1.225816	6.588761
0.153227	-1.225816	7.048442
-1.379043	-1.685497	6.741988
-2.758086	-1.685497	5.516172
-2.758086	-1.685497	4.290356
-3.6774480000000005	-1.072589	4.290356
-3.6774480000000005	-0.9193620000000001	3.6774480000000005
-2.298405	-0.306454	2.758086
-1.9919509999999998	0.612908	2.298405
-2.758086	1.225816	2.298405
-3.9839019999999996	0.45968100000000006	4.290356
-6.588761	0.306454	8.427485
-5.209718	-1.685497	13.943657
-5.209718	-1.685497	17.774332
0.612908	-5.8226260000000005	17.774332
1.53227	-3.524221	19.45983
-2.9113130000000003	-1.379043	19.45983
-6.12908	-1.685497	18.540466000000002
-4.290356	-1.9919509999999998	15.782380999999999
-2.451632	-1.072589	13.330748999999999
-2.145178	0.0	11.185571000000001
-2.451632	-0.153227	9.19362
-2.451632	-0.612908	7.66135
-2.604859	-0.612908	7.66135
-3.06454	-0.306454	5.8226260000000005
-2.604859	0.45968100000000006	3.830675
-0.9193620000000001	1.072589	2.145178
1.379043	1.685497	1.072589
2.145178	1.225816	0.306454
0.306454	0.153227	0.0
-1.225816	-0.766135	0.612908
-1.225816	-1.8387240000000002	2.758086
-2.9113130000000003	-1.8387240000000002	2.758086
-6.12908	-3.217767	7.66135
-5.209718	-4.137129	13.483976
4.903264	0.306454	18.234013
-3.370994	3.06454	19.45983
-10.879116999999999	5.056491	19.45983
-7.66135	4.59681	19.45983
-4.290356	3.6774480000000005	16.395288
-4.290356	2.758086	13.177522
-2.604859	2.758086	13.177522
-1.9919509999999998	1.685497	10.879116999999999
-1.225816	0.153227	8.733939
-1.379043	-1.685497	7.354896000000001
-2.451632	-2.451632	5.975853
-2.758086	-2.298405	4.59681
-2.758086	-1.8387240000000002	3.217767
-2.145178	-1.072589	1.8387240000000002
-2.145178	-0.306454	1.379043
-2.604859	-0.306454	1.379043
-3.217767	-0.306454	1.225816
-3.370994	-1.225816	1.8387240000000002
-2.298405	-2.298405	3.9839019999999996
-1.53227	-1.9919509999999998	7.508122999999999
-1.072589	-2.451632	9.500074
-2.298405	-3.830675	17.314651
-4.137129	-0.9193620000000001	19.45983
-4.137129	1.225816	19.45983
-5.362945	1.225816	19.45983
-6.588761	0.612908	19.306601999999998
-5.209718	-0.612908	15.3227
-3.830675	-1.379043	10.266209
-1.8387240000000002	-1.8387240000000002	6.741988
1.685497	-1.685497	4.750037
5.209718	-0.9193620000000001	3.217767
3.524221	-0.9193620000000001	2.451632
3.524221	-1.8387240000000002	2.451632
1.072589	-1.8387240000000002	2.451632
-0.612908	-2.758086	2.9113130000000003
-1.53227	-2.604859	3.217767
-0.766135	-1.53227	4.137129
-0.153227	-0.306454	5.975853
-0.766135	0.766135	9.19362
-3.524221	0.306454	12.25816
-5.516172	0.766135	12.104933
-5.516172	1.8387240000000002	9.346847
-6.588761	1.8387240000000002	9.346847
-5.056491	2.758086	8.580712
-9.040393	2.758086	10.266209
-16.548515	4.290356	15.169473000000002
-5.209718	4.750037	15.475926999999999
2.145178	-0.153227	17.467878
-4.903264	-3.830675	19.45983
-8.427485	-3.217767	19.45983
-8.427485	-3.06454	18.234013
-6.435534	-3.06454	18.234013
-3.9839019999999996	-2.451632	14.863019
-2.451632	-1.685497	11.798478999999999
-1.072589	-0.766135	9.500074
0.306454	0.0	7.66135
1.9919509999999998	0.766135	6.12908
2.298405	1.379043	5.209718
2.145178	1.9919509999999998	5.056491
1.225816	2.451632	5.056491
0.153227	2.9113130000000003	5.209718
-0.612908	3.6774480000000005	5.975853
-1.072589	3.217767	7.66135
-1.225816	2.145178	9.653300999999999
-2.758086	2.145178	10.266209
-7.508122999999999	3.06454	9.959755
-11.951706	2.451632	11.492025
-11.645252000000001	-0.766135	12.717841
-6.741988	-3.6774480000000005	11.338797999999999
-5.209718	-3.830675	10.72589
-4.443583	-2.604859	11.645252000000001
-4.137129	-1.53227	12.104933
-3.9839019999999996	-0.45968100000000006	12.871068
-4.903264	0.45968100000000006	14.250110999999999
-4.903264	1.8387240000000002	14.250110999999999
-4.903264	2.758086	13.024295
-4.903264	2.758086	10.879116999999999
-4.59681	2.298405	8.427485
-3.9839019999999996	1.379043	5.8226260000000005
-3.524221	0.612908	4.290356
-2.9113130000000003	-0.45968100000000006	3.370994
-2.298405	-1.379043	2.9113130000000003
-1.9919509999999998	-2.451632	3.217767
-2.298405	-3.06454	4.290356
-1.8387240000000002	-3.830675	5.516172
-1.072589	-4.750037	6.895214999999999
-0.306454	-5.669398999999999	8.427485
0.45968100000000006	-5.669398999999999	9.806528
0.612908	-5.056491	11.185571000000001
0.612908	-3.830675	11.798478999999999
-0.306454	-2.758086	11.645252000000001
-1.225816	-2.758086	11.185571000000001
-1.379043	-2.451632	11.185571000000001
-0.766135	-1.225816	11.185571000000001
0.0	1.072589	11.185571000000001
-0.766135	2.298405	11.951706
-1.379043	3.217767	12.717841
-3.6774480000000005	3.217767	12.25816
-10.572663	1.225816	12.104933
-11.338797999999999	-0.153227	11.338797999999999
-5.8226260000000005	-1.225816	7.354896000000001
-3.217767	-2.758086	6.435534
-3.217767	-3.06454	8.121031
-3.830675	-1.53227	9.959755
-4.750037	0.0	11.032344
-5.516172	0.9193620000000001	11.951706
-4.903264	0.306454	12.25816
-4.443583	-0.9193620000000001	11.951706
-4.137129	-0.9193620000000001	10.879116999999999
-3.370994	-0.9193620000000001	9.346847
-2.451632	-0.766135	7.814577000000001
-1.379043	-0.45968100000000006	6.588761
-0.766135	0.153227	5.975853
-1.225816	0.766135	5.669398999999999
-1.53227	0.9193620000000001	5.669398999999999
-1.685497	0.766135	5.669398999999999
-1.53227	0.45968100000000006	5.8226260000000005
-1.225816	0.153227	5.975853
-1.072589	-0.153227	6.435534
-0.9193620000000001	-0.153227	7.048442
-0.612908	0.0	7.814577000000001
-0.9193620000000001	0.153227	8.887166
-0.9193620000000001	-0.153227	10.112982
-1.379043	-0.766135	11.645252000000001
-1.685497	-1.225816	13.177522
-2.451632	-1.379043	13.790429999999999
-2.451632	0.0	13.024295
-1.685497	2.145178	11.798478999999999
-1.685497	4.290356	11.492025
-2.145178	4.290356	11.492025
-2.9113130000000003	5.8226260000000005	11.338797999999999
-3.9839019999999996	4.903264	11.185571000000001
-4.750037	2.604859	11.032344
-6.588761	1.685497	10.419436
-8.427485	1.379043	9.959755
-8.887166	0.612908	9.653300999999999
-7.967803999999999	-0.45968100000000006	9.19362
-6.895214999999999	-1.072589	9.040393
-6.12908	-1.225816	9.19362
-5.362945	-1.379043	9.959755
-5.209718	-1.225816	10.572663
-4.903264	-1.072589	10.72589
-4.443583	-1.072589	9.959755
-3.9839019999999996	-1.072589	8.887166
-3.524221	-1.072589	7.66135
-3.217767	-1.225816	6.741988
-2.9113130000000003	-1.53227	5.975853
-2.604859	-1.8387240000000002	5.516172
-1.9919509999999998	-1.9919509999999998	5.209718
-1.8387240000000002	-2.451632	5.362945
-1.379043	-2.604859	5.669398999999999
-1.072589	-2.604859	6.435534
-0.9193620000000001	-2.758086	7.66135
-0.153227	-2.145178	8.427485
0.153227	-1.225816	9.19362
0.45968100000000006	-0.766135	9.653300999999999
0.153227	-0.766135	9.346847
0.153227	-0.612908	8.580712
0.45968100000000006	-0.45968100000000006	8.121031
0.612908	-0.612908	7.967803999999999
0.612908	-0.612908	8.121031
0.612908	-0.612908	8.427485
0.766135	-0.612908	8.887166
0.766135	-0.766135	9.806528
0.306454	-0.612908	10.572663
-0.766135	-0.612908	11.185571000000001
-1.9919509999999998	-1.072589	11.798478999999999
-3.217767	-1.53227	11.185571000000001
-5.209718	-1.685497	9.959755
-5.209718	-1.379043	8.121031
-5.8226260000000005	-1.379043	8.121031
-5.362945	-0.45968100000000006	6.12908
-3.830675	0.45968100000000006	4.443583
-2.298405	1.53227	2.9113130000000003
-2.298405	2.9113130000000003	2.145178
-3.217767	3.830675	2.145178
-15.3227	5.516172	9.040393
-1.53227	2.604859	8.427485
12.104933	-3.524221	14.250110999999999
-3.06454	-6.12908	19.45983
-8.427485	-1.379043	19.45983
-9.346847	-0.153227	19.306601999999998
-4.443583	-0.766135	14.863019
-1.53227	-0.9193620000000001	9.653300999999999
0.766135	-0.306454	5.975853
1.225816	1.072589	4.443583
1.072589	1.8387240000000002	4.290356
0.9193620000000001	1.685497	4.903264
0.306454	1.225816	5.975853
-0.153227	1.072589	7.354896000000001
-0.153227	1.072589	8.887166
-0.612908	0.306454	8.887166
-1.072589	-0.153227	10.572663
-1.9919509999999998	-0.45968100000000006	11.645252000000001
-3.06454	-0.612908	11.951706
-4.750037	0.0	10.72589
-5.975853	0.306454	8.427485
-4.59681	-0.306454	5.975853
-2.9113130000000003	-0.9193620000000001	4.137129
-2.604859	-1.225816	2.758086
-3.217767	-1.072589	1.9919509999999998
-4.290356	-1.53227	1.8387240000000002
-5.362945	-1.53227	3.217767
-6.282307	-2.9113130000000003	9.19362
4.59681	-4.903264	9.653300999999999
6.588761	-4.443583	16.088835
0.306454	-1.9919509999999998	19.45983
-6.588761	-1.072589	19.45983
-7.508122999999999	-1.225816	19.45983
-4.59681	-1.53227	17.008198
-2.758086	-1.072589	13.177522
-0.9193620000000001	-1.072589	10.266209
0.153227	-0.9193620000000001	8.427485
0.0	0.0	6.741988
-0.766135	0.612908	5.056491
-2.451632	0.766135	3.524221
-3.830675	0.153227	2.9113130000000003
-3.9839019999999996	0.306454	2.298405
-3.370994	0.766135	1.9919509999999998
-2.604859	0.766135	1.685497
-2.145178	0.45968100000000006	1.379043
-1.8387240000000002	-0.612908	1.685497
-3.06454	-1.072589	2.9113130000000003
-9.806528	0.45968100000000006	9.500074
-1.8387240000000002	4.443583	17.774332
5.209718	4.750037	19.45983
-7.048442	1.379043	19.45983
-3.9839019999999996	2.145178	19.306601999999998
-3.9839019999999996	0.45968100000000006	15.475926999999999
-3.06454	-0.612908	11.951706
-0.766135	-1.8387240000000002	10.112982
1.9919509999999998	-2.451632	8.121031
1.685497	-2.9113130000000003	7.201669
0.45968100000000006	-2.604859	7.201669
0.0	-1.8387240000000002	7.048442
-0.766135	-1.225816	6.895214999999999
-1.8387240000000002	-0.153227	6.282307
-2.9113130000000003	0.153227	6.12908
-4.290356	0.612908	6.12908
-5.209718	1.225816	6.12908
-4.903264	1.379043	5.8226260000000005
-4.137129	1.225816	5.362945
-3.6774480000000005	0.612908	5.056491
-2.758086	-0.306454	4.903264
-1.9919509999999998	-1.072589	5.669398999999999
-3.06454	-1.225816	8.274258
-3.9839019999999996	-2.9113130000000003	13.943657
1.53227	-5.056491	15.016245999999999
3.06454	-4.137129	15.475926999999999
-0.9193620000000001	-3.524221	17.008198
-4.443583	-3.524221	17.467878
-4.750037	-3.6774480000000005	15.782380999999999
-3.9839019999999996	-1.9919509999999998	14.096884
-2.451632	-0.45968100000000006	12.411387
-1.225816	0.45968100000000006	10.419436
-1.072589	0.612908	9.653300999999999
-1.53227	1.379043	8.733939
-3.06454	1.53227	6.588761
-4.443583	1.072589	4.443583
-4.137129	0.766135	2.9113130000000003
-3.06454	1.225816	1.8387240000000002
-1.9919509999999998	1.53227	0.766135
-1.8387240000000002	1.072589	0.45968100000000006
-1.225816	0.612908	0.45968100000000006
-1.072589	-0.45968100000000006	1.8387240000000002
-4.903264	-1.072589	7.66135
1.225816	-1.8387240000000002	11.645252000000001
4.59681	0.153227	18.693693
-7.201669	1.379043	19.45983
-7.814577000000001	3.9839019999999996	19.45983
-6.895214999999999	2.9113130000000003	18.38724
-4.443583	1.685497	14.403338
-2.298405	0.0	11.645252000000001
-0.306454	-0.9193620000000001	9.346847
0.45968100000000006	-1.685497	8.121031
0.45968100000000006	-2.604859	7.967803999999999
0.0	-2.451632	7.508122999999999
-1.225816	-1.8387240000000002	6.741988
-2.604859	-0.9193620000000001	5.516172
-3.524221	-0.153227	4.59681
-4.290356	0.0	3.6774480000000005
-3.6774480000000005	-0.306454	2.9113130000000003
-2.604859	-0.153227	2.451632
-1.9919509999999998	-0.153227	2.298405
-1.379043	-0.306454	2.451632
-1.685497	-0.45968100000000006	3.9839019999999996
-7.814577000000001	0.0	9.346847
-9.040393	-1.53227	17.927559
3.524221	-3.9839019999999996	17.774332
1.53227	-3.830675	19.45983
-1.072589	-2.9113130000000003	19.45983
-4.750037	-3.6774480000000005	18.540466000000002
-4.903264	-4.137129	15.782380999999999
-3.370994	-2.604859	13.024295
-1.225816	-1.072589	10.112982
-1.225816	-1.072589	8.580712
0.306454	-0.153227	8.580712
0.612908	1.072589	8.121031
-0.45968100000000006	2.451632	7.201669
-2.604859	2.9113130000000003	5.362945
-3.217767	2.758086	3.6774480000000005
-3.370994	2.298405	2.604859
-3.06454	1.8387240000000002	1.685497
-3.217767	0.766135	1.225816
-2.604859	-0.612908	1.225816
-2.298405	-1.9919509999999998	1.53227
-6.282307	-3.217767	3.830675
-9.806528	-1.8387240000000002	11.798478999999999
4.59681	-0.153227	14.096884
4.750037	1.225816	19.45983
-9.806528	1.685497	19.45983
-6.741988	3.524221	19.45983
-6.741988	3.524221	16.242062
-5.209718	1.8387240000000002	16.242062
-3.370994	0.612908	11.951706
-1.072589	-0.766135	9.500074
0.766135	-1.685497	7.66135
0.153227	-1.685497	6.741988
0.153227	-1.072589	6.435534
0.45968100000000006	-1.072589	6.282307
0.45968100000000006	-1.072589	6.588761
-0.612908	-0.45968100000000006	6.588761
-2.145178	0.0	6.435534
-3.9839019999999996	0.45968100000000006	6.12908
-5.056491	0.9193620000000001	5.516172
-4.59681	1.379043	5.056491
-4.137129	1.072589	4.443583
-3.6774480000000005	0.306454	3.9839019999999996
-2.604859	-0.153227	4.443583
-2.604859	-0.153227	6.282307
-3.217767	-0.153227	6.282307
-6.588761	-1.072589	12.104933
-1.9919509999999998	-4.59681	15.169473000000002
1.379043	-6.588761	18.080786
-1.072589	-5.669398999999999	19.45983
-1.685497	-4.750037	19.306601999999998
-4.290356	-3.9839019999999996	17.774332
-4.290356	-2.9113130000000003	15.475926999999999
-4.290356	-2.9113130000000003	13.024295
-2.9113130000000003	-1.53227	13.024295
-2.298405	-0.9193620000000001	10.572663
-1.53227	-0.45968100000000006	9.040393
-2.298405	0.153227	7.967803999999999
-3.217767	1.072589	5.975853
-3.370994	1.53227	4.137129
-2.451632	2.145178	2.604859
-1.379043	2.758086	1.685497
-1.379043	2.758086	0.766135
-0.9193620000000001	2.758086	0.766135
-0.612908	1.8387240000000002	0.0
-1.072589	0.45968100000000006	-0.45968100000000006
-1.685497	-0.766135	-0.45968100000000006
-1.225816	-1.685497	1.53227
-0.306454	-3.217767	4.903264
1.685497	-3.524221	6.588761
4.290356	-2.298405	11.951706
4.290356	-2.298405	18.234013
-2.9113130000000003	4.59681	18.234013
-4.750037	7.354896000000001	19.45983
-8.274258	4.750037	19.45983
-6.282307	3.217767	19.000149
-3.6774480000000005	1.685497	16.242062
-2.451632	-0.45968100000000006	13.790429999999999
-2.145178	-1.53227	11.032344
-1.379043	-1.379043	9.040393
-1.379043	-1.379043	7.814577000000001
-0.45968100000000006	-1.225816	7.814577000000001
1.072589	-0.9193620000000001	6.588761
1.53227	0.306454	5.056491
-0.9193620000000001	1.53227	3.830675
-4.443583	1.8387240000000002	3.9839019999999996
-6.741988	1.225816	4.59681
-7.66135	-0.612908	6.588761
-11.951706	-2.758086	13.024295
-14.403338	-8.121031	19.306601999999998
-7.508122999999999	-8.121031	19.45983
-3.217767	-0.45968100000000006	19.45983
-5.975853	4.290356	19.45983
-6.895214999999999	5.516172	18.38724
-7.048442	3.6774480000000005	14.556564999999999
-7.814577000000001	1.9919509999999998	11.645252000000001
-6.588761	0.45968100000000006	9.040393
-3.370994	-0.45968100000000006	6.282307
-1.379043	-0.9193620000000001	3.524221
-0.45968100000000006	-1.685497	1.9919509999999998
0.612908	-1.8387240000000002	1.072589
1.685497	-1.9919509999999998	0.45968100000000006
1.53227	-2.604859	0.766135
1.072589	-3.217767	2.451632
0.153227	-4.137129	4.443583
0.153227	-4.137129	7.66135
-0.612908	-4.290356	7.66135
-1.379043	-4.59681	11.032344
-1.53227	-4.59681	13.790429999999999
-1.53227	-3.6774480000000005	15.3227
0.153227	-1.379043	15.475926999999999
0.306454	-0.45968100000000006	14.863019
-1.225816	-0.766135	13.943657
-3.9839019999999996	-1.072589	12.717841
-3.9839019999999996	-0.9193620000000001	13.024295
-10.572663	-0.9193620000000001	13.024295
-11.338797999999999	0.9193620000000001	11.798478999999999
-4.290356	0.306454	7.508122999999999
-2.9113130000000003	-0.612908	7.048442
-4.137129	-0.9193620000000001	8.427485
-3.6774480000000005	0.306454	9.346847
-3.830675	2.145178	9.500074
-5.056491	3.830675	9.959755
-5.056491	2.9113130000000003	11.032344
-5.056491	-0.153227	11.645252000000001
-4.59681	-1.685497	11.338797999999999
-3.9839019999999996	-1.685497	10.112982
-3.06454	-1.53227	8.427485
-2.298405	-1.379043	7.354896000000001
-1.072589	-0.766135	6.435534
-0.306454	-0.153227	5.975853
-0.306454	0.45968100000000006	5.669398999999999
0.306454	0.45968100000000006	5.669398999999999
0.153227	0.612908	5.8226260000000005
0.0	0.766135	6.12908
-0.306454	0.9193620000000001	6.588761
-0.306454	1.072589	6.895214999999999
-0.153227	0.9193620000000001	7.66135
0.0	0.306454	9.040393
-0.306454	-0.45968100000000006	11.032344
-0.306454	-0.766135	13.330748999999999
-1.072589	-0.766135	13.330748999999999
-2.451632	-0.45968100000000006	13.943657
-2.758086	0.45968100000000006	13.024295
-4.903264	2.145178	12.25816
-7.814577000000001	3.830675	13.943657
-9.040393	4.443583	14.403338
-7.814577000000001	1.53227	13.177522
-5.516172	-0.766135	9.959755
-5.516172	-1.685497	7.66135
-4.443583	-1.685497	7.66135
-4.903264	-1.685497	6.588761
-5.056491	-1.225816	6.588761
-4.903264	-0.766135	7.354896000000001
-4.750037	0.306454	8.580712
-3.9839019999999996	0.9193620000000001	10.572663
-3.9839019999999996	0.612908	12.717841
-4.290356	-0.45968100000000006	13.637203
-4.290356	-1.685497	12.717841
-4.59681	-1.685497	12.717841
-3.9839019999999996	-1.8387240000000002	10.572663
-3.370994	-0.9193620000000001	8.274258
-2.9113130000000003	-0.306454	6.588761
-2.145178	-0.153227	5.516172
-1.685497	-0.766135	5.209718
-1.379043	-1.225816	5.056491
-1.225816	-1.8387240000000002	5.362945
-1.072589	-2.604859	6.12908
-0.766135	-3.06454	7.048442
-0.9193620000000001	-2.604859	8.121031
-0.9193620000000001	-1.685497	9.500074
-1.072589	-1.072589	10.572663
-1.379043	-0.766135	11.338797999999999
-1.685497	-0.9193620000000001	11.492025
-2.298405	-1.379043	11.185571000000001
-2.298405	-1.9919509999999998	10.419436
-2.451632	-2.9113130000000003	9.653300999999999
-2.298405	-3.370994	8.733939
-1.53227	-2.9113130000000003	8.427485
-2.298405	-1.9919509999999998	8.733939
-2.9113130000000003	-0.153227	9.346847
-2.9113130000000003	1.225816	9.500074
-5.209718	1.53227	9.19362
-8.733939	1.379043	9.19362
-7.508122999999999	1.685497	9.040393
-3.370994	0.45968100000000006	7.508122999999999
-0.9193620000000001	0.306454	6.741988
-1.8387240000000002	0.0	8.274258
-3.217767	-0.612908	10.419436
-4.443583	-1.379043	12.104933
-4.59681	-2.145178	12.717841
-4.59681	-2.145178	12.564614
-3.217767	-1.9919509999999998	12.564614
-1.53227	-1.072589	11.492025
-0.9193620000000001	-0.153227	10.72589
-0.306454	0.45968100000000006	9.500074
0.0	0.153227	7.814577000000001
0.306454	-0.153227	6.12908
0.612908	-0.153227	5.362945
0.612908	0.0	5.209718
0.612908	0.0	5.362945
0.153227	-0.153227	5.362945
0.153227	0.0	6.435534
0.306454	-0.306454	7.66135
0.45968100000000006	-1.072589	9.040393
0.153227	-1.8387240000000002	10.266209
-0.45968100000000006	-2.298405	10.72589
-1.072589	-2.451632	10.72589
-1.225816	-2.298405	10.112982
-1.225816	-2.298405	9.346847
-1.379043	-1.53227	9.346847
-2.145178	-0.45968100000000006	8.733939
-2.9113130000000003	0.45968100000000006	7.814577000000001
-3.370994	1.072589	6.588761
-3.830675	1.53227	5.362945
-3.830675	1.8387240000000002	4.290356
-3.9839019999999996	1.685497	3.9839019999999996
-4.59681	0.0	3.9839019999999996
-4.59681	0.0	4.137129
-3.524221	-1.53227	4.137129
-2.451632	-2.451632	4.750037
-6.895214999999999	-4.443583	12.104933
-8.580712	-9.500074	19.45983
0.45968100000000006	-2.9113130000000003	19.306601999999998
-3.217767	-0.153227	19.45983
-3.6774480000000005	1.379043	19.306601999999998
-4.137129	0.9193620000000001	15.475926999999999
-4.137129	0.9193620000000001	11.338797999999999
-2.9113130000000003	-1.072589	11.338797999999999
-1.8387240000000002	-3.9839019999999996	8.580712
0.0	-4.290356	6.282307
2.145178	-3.370994	5.209718
1.8387240000000002	-2.298405	6.12908
1.225816	-0.612908	7.201669
0.0	0.9193620000000001	7.354896000000001
-0.306454	1.379043	6.588761
-0.306454	1.379043	5.975853
-0.306454	1.072589	5.975853
-0.45968100000000006	1.072589	6.12908
-0.45968100000000006	1.685497	7.201669
-1.225816	2.451632	8.887166
-3.9839019999999996	2.145178	9.959755
-5.362945	0.0	9.806528
-5.516172	-1.9919509999999998	8.733939
-5.516172	-2.451632	6.741988
-5.516172	-2.451632	5.209718
-4.750037	-0.612908	5.209718
-3.830675	0.9193620000000001	4.903264
-4.750037	0.9193620000000001	5.516172
-9.959755	1.685497	8.274258
-3.830675	1.53227	12.717841
5.8226260000000005	-2.604859	15.629154000000002
-1.53227	-1.379043	18.080786
-1.685497	-0.45968100000000006	19.45983
-1.685497	-0.45968100000000006	17.467878
-3.524221	0.0	17.467878
-3.524221	0.766135	13.177522
-2.604859	0.45968100000000006	9.806528
-0.612908	0.0	7.508122999999999
1.072589	0.306454	6.435534
1.072589	0.9193620000000001	6.588761
0.153227	0.612908	7.66135
-0.306454	-0.306454	8.733939
-0.306454	-0.306454	10.112982
-0.9193620000000001	-1.379043	10.112982
-1.53227	-1.8387240000000002	10.879116999999999
-2.9113130000000003	-1.8387240000000002	10.266209
-4.290356	-0.612908	9.040393
-5.056491	0.306454	7.814577000000001
-4.750037	0.766135	6.435534
-4.290356	0.9193620000000001	4.750037
-3.217767	0.9193620000000001	3.217767
-3.217767	0.9193620000000001	2.451632
-2.9113130000000003	0.306454	2.451632
-2.604859	-0.9193620000000001	2.145178
-2.604859	-1.225816	3.370994
-6.282307	-3.524221	9.500074
0.9193620000000001	-7.508122999999999	12.104933
5.056491	-5.209718	15.629154000000002
-1.225816	-1.9919509999999998	19.000149
-3.524221	-0.153227	19.45983
-3.524221	-0.153227	18.234013
-5.056491	-0.153227	18.234013
-3.06454	-0.766135	14.863019
-1.8387240000000002	-0.45968100000000006	12.104933
-0.153227	0.153227	9.806528
1.685497	0.9193620000000001	8.427485
1.072589	1.8387240000000002	7.508122999999999
-1.379043	1.685497	6.741988
-2.451632	1.072589	5.975853
-2.451632	0.0	4.903264
-3.370994	0.0	4.903264
-4.59681	-0.766135	4.137129
-4.290356	-0.766135	3.524221
-3.9839019999999996	-0.306454	3.06454
-3.524221	0.306454	2.758086
-1.685497	0.9193620000000001	3.06454
0.0	1.225816	3.524221
-5.056491	0.0	6.588761
-5.056491	0.766135	14.556564999999999
-7.967803999999999	0.766135	14.556564999999999
2.145178	-0.9193620000000001	18.540466000000002
-2.9113130000000003	-1.8387240000000002	19.45983
-6.12908	0.45968100000000006	19.45983
-6.282307	1.53227	18.540466000000002
-3.830675	1.685497	14.250110999999999
-1.53227	1.379043	11.338797999999999
0.153227	0.766135	9.346847
0.153227	0.45968100000000006	8.121031
0.612908	0.45968100000000006	8.121031
0.0	-0.45968100000000006	7.967803999999999
-0.9193620000000001	-1.53227	8.274258
-1.8387240000000002	-1.8387240000000002	7.508122999999999
-2.451632	-1.379043	6.435534
-3.217767	-0.612908	5.362945
-3.830675	-0.306454	4.59681
-3.830675	-0.306454	3.830675
-3.830675	-0.45968100000000006	3.217767
-3.06454	-0.45968100000000006	3.217767
-2.145178	-0.153227	2.604859
-1.225816	0.0	1.9919509999999998
-1.685497	-0.612908	2.604859
-3.830675	-0.9193620000000001	4.59681
-10.419436	-2.451632	11.951706
-1.53227	-4.290356	16.088835
4.59681	-5.056491	19.153376
-1.225816	-2.145178	19.45983
-3.370994	-1.072589	19.45983
-5.209718	-1.072589	17.927559
-3.6774480000000005	-0.766135	14.863019
-3.06454	-0.153227	11.798478999999999
-2.451632	0.153227	9.040393
-1.53227	0.0	6.588761
-1.379043	-0.306454	5.209718
-1.53227	0.153227	3.524221
-0.45968100000000006	0.9193620000000001	1.9919509999999998
0.612908	1.9919509999999998	0.45968100000000006
0.766135	2.758086	-0.45968100000000006
-1.53227	2.758086	-0.45968100000000006
-4.137129	1.8387240000000002	0.45968100000000006
-6.588761	0.153227	3.06454
-13.483976	-0.766135	9.653300999999999
-13.483976	-4.290356	11.185571000000001
-2.298405	-4.290356	11.185571000000001
14.096884	-4.290356	16.395288
-5.669398999999999	-1.685497	19.45983
-13.790429999999999	0.45968100000000006	19.45983
-8.733939	1.379043	19.45983
-6.12908	1.685497	15.935607999999998
-3.830675	1.8387240000000002	12.25816
-0.9193620000000001	1.072589	9.19362
-0.9193620000000001	-0.612908	7.354896000000001
1.379043	-0.612908	7.354896000000001
-0.45968100000000006	-1.53227	6.588761
-0.9193620000000001	-0.9193620000000001	5.975853
-1.072589	-1.072589	5.516172
-1.685497	-0.9193620000000001	4.903264
-2.451632	-0.766135	4.290356
-3.524221	-1.072589	3.830675
-3.217767	-1.685497	3.217767
-3.217767	-1.53227	2.758086
-2.145178	-1.53227	2.758086
-1.379043	-1.225816	2.298405
-1.53227	-0.766135	2.604859
-3.06454	0.0	4.290356
-10.266209	0.0	11.032344
-3.370994	-1.8387240000000002	15.169473000000002
5.669398999999999	-3.524221	16.548515
-0.306454	-2.758086	19.45983
-0.306454	-3.217767	19.45983
-2.451632	-3.217767	19.45983
-7.201669	-4.137129	19.45983
-5.975853	-3.830675	17.161425
-3.6774480000000005	-2.451632	14.096884
-1.685497	-1.072589	11.492025
-0.153227	0.153227	9.346847
-0.9193620000000001	1.072589	7.508122999999999
-3.06454	1.53227	5.362945
-4.137129	1.685497	3.6774480000000005
-4.290356	1.9919509999999998	2.145178
-3.9839019999999996	2.145178	1.225816
-1.8387240000000002	2.145178	0.766135
-0.766135	1.685497	0.306454
-0.45968100000000006	0.45968100000000006	0.0
-1.53227	-0.766135	0.306454
-1.225816	-1.225816	2.145178
-1.8387240000000002	-1.685497	5.669398999999999
-0.45968100000000006	-1.685497	10.572663
4.290356	0.612908	17.314651
-3.370994	1.685497	19.45983
-9.040393	2.145178	19.45983
-7.354896000000001	1.379043	19.45983
-4.443583	1.072589	18.234013
-3.830675	1.379043	14.250110999999999
-3.370994	1.685497	10.879116999999999
-2.9113130000000003	1.685497	8.274258
-2.298405	2.298405	6.282307
-1.53227	1.8387240000000002	5.209718
-1.53227	0.45968100000000006	3.6774480000000005
-0.9193620000000001	-0.766135	1.9919509999999998
-0.45968100000000006	-1.8387240000000002	1.072589
-1.072589	-2.604859	0.612908
-3.370994	-3.217767	0.766135
-4.443583	-3.830675	1.9919509999999998
-2.604859	-4.903264	5.056491
-1.685497	-4.443583	8.274258
-1.685497	-3.370994	9.653300999999999
0.766135	-1.225816	17.621105
-7.048442	1.379043	19.45983
-4.137129	2.604859	19.45983
-4.137129	2.604859	19.153376
-2.604859	1.072589	15.169473000000002
-2.145178	-0.153227	10.879116999999999
-1.53227	-1.53227	7.66135
-0.153227	-3.217767	5.669398999999999
0.9193620000000001	-3.9839019999999996	4.903264
-0.45968100000000006	-3.524221	4.290356
-2.298405	-2.145178	3.9839019999999996
-3.06454	-0.45968100000000006	3.524221
-2.451632	0.766135	3.217767
-0.766135	1.8387240000000002	3.524221
0.612908	1.8387240000000002	5.056491
-0.153227	1.072589	6.435534
-0.153227	1.072589	6.895214999999999
-2.604859	1.53227	6.895214999999999
-4.290356	3.06454	7.967803999999999
-9.806528	4.443583	11.492025
-18.080786	8.733939	19.000149
-3.830675	3.370994	19.45983
-3.217767	-6.895214999999999	19.45983
-5.516172	-5.669398999999999	19.45983
-5.8226260000000005	-2.604859	17.008198
-5.8226260000000005	-2.604859	13.177522
-3.370994	-1.072589	13.177522
-0.612908	-0.153227	9.653300999999999
1.379043	0.45968100000000006	7.814577000000001
1.685497	1.9919509999999998	6.435534
2.758086	3.06454	6.282307
2.451632	3.370994	7.201669
1.072589	2.145178	8.274258
-0.612908	1.379043	7.967803999999999
-0.612908	1.379043	7.66135
-1.53227	0.9193620000000001	7.66135
-0.306454	1.53227	7.66135
0.153227	2.145178	8.427485
-1.9919509999999998	3.217767	9.500074
-8.121031	4.903264	10.572663
-13.024295	5.669398999999999	12.717841
-10.879116999999999	1.9919509999999998	11.645252000000001
-5.362945	-1.379043	9.19362
-5.362945	-1.379043	8.733939
-4.903264	-2.758086	8.733939
-5.362945	-2.604859	10.112982
-5.975853	-1.53227	11.185571000000001
-5.516172	-0.153227	11.338797999999999
-5.8226260000000005	1.225816	12.25816
-4.903264	1.379043	13.024295
-4.59681	0.9193620000000001	12.871068
-4.59681	0.612908	12.564614
-4.59681	0.306454	11.338797999999999
-4.903264	0.306454	11.338797999999999
-4.750037	0.153227	9.040393
-3.9839019999999996	0.153227	6.895214999999999
-3.217767	0.153227	5.209718
-2.145178	0.0	3.9839019999999996
-1.8387240000000002	-0.153227	3.217767
-2.145178	-0.612908	3.370994
-2.451632	-1.685497	3.9839019999999996
-2.451632	-1.685497	5.209718
-2.9113130000000003	-2.758086	5.209718
-2.758086	-4.290356	6.12908
-1.9919509999999998	-5.8226260000000005	7.66135
-1.685497	-7.048442	9.653300999999999
-1.072589	-6.588761	11.492025
-1.379043	-3.9839019999999996	12.411387
-2.145178	-2.145178	12.717841
-2.298405	-1.53227	12.104933
-2.298405	-1.8387240000000002	11.492025
-2.451632	-1.8387240000000002	11.492025
-1.685497	-1.9919509999999998	10.72589
-0.766135	-1.8387240000000002	9.959755
0.306454	-1.225816	9.346847
0.306454	-0.9193620000000001	9.500074
-0.612908	0.0	10.266209
-0.612908	1.379043	10.72589
-3.06454	1.685497	10.879116999999999
-3.06454	1.685497	11.492025
-8.274258	0.612908	11.492025
-9.653300999999999	-0.612908	11.798478999999999
-6.741988	-1.9919509999999998	9.806528
-3.9839019999999996	-2.298405	7.967803999999999
-2.9113130000000003	-1.8387240000000002	7.814577000000001
-2.758086	-1.225816	8.274258
-2.758086	-0.45968100000000006	8.887166
-4.290356	1.225816	9.959755
-3.9839019999999996	0.153227	10.419436
-3.370994	-0.766135	10.72589
-3.217767	-0.9193620000000001	10.572663
-2.9113130000000003	-0.45968100000000006	9.653300999999999
-2.451632	0.153227	8.427485
-1.685497	0.612908	7.354896000000001
-1.072589	0.766135	6.741988
-1.225816	0.9193620000000001	6.741988
-1.685497	1.225816	7.048442
-1.8387240000000002	1.225816	7.508122999999999
-1.8387240000000002	0.612908	7.66135
-1.379043	0.0	7.967803999999999
-0.9193620000000001	-0.153227	8.121031
-0.9193620000000001	0.153227	8.274258
-1.225816	0.45968100000000006	8.887166
-0.9193620000000001	0.9193620000000001	9.806528
-1.072589	1.379043	11.032344
-1.685497	1.53227	12.25816
-2.145178	1.53227	12.871068
-2.451632	0.9193620000000001	11.798478999999999
-1.9919509999999998	0.612908	9.959755
-1.225816	0.45968100000000006	8.580712
-0.9193620000000001	0.153227	8.121031
-1.685497	0.766135	9.040393
-1.9919509999999998	1.225816	10.266209
-3.6774480000000005	1.53227	11.645252000000001
-7.354896000000001	2.451632	13.024295
-7.814577000000001	3.524221	12.25816
-6.435534	2.451632	10.419436
-5.362945	0.612908	8.733939
-5.056491	-1.072589	8.121031
-4.903264	-2.604859	8.121031
-4.59681	-3.830675	8.274258
-3.9839019999999996	-3.524221	8.733939
-3.06454	-1.685497	8.733939
-2.298405	-0.45968100000000006	8.580712
-1.8387240000000002	0.0	8.887166
-1.9919509999999998	0.153227	9.040393
-1.9919509999999998	-0.306454	8.887166
-1.9919509999999998	-0.9193620000000001	8.274258
-1.53227	-0.9193620000000001	7.814577000000001
-1.379043	-1.072589	7.66135
-1.225816	-1.225816	8.121031
-1.072589	-1.9919509999999998	8.733939
-0.45968100000000006	-2.451632	8.887166
-0.153227	-2.145178	9.19362
-0.153227	-1.379043	9.346847
-0.153227	-0.766135	9.653300999999999
-0.45968100000000006	0.0	9.500074
-0.612908	0.0	9.040393
-0.153227	-0.306454	8.733939
0.0	-0.612908	8.274258
0.306454	-0.766135	7.967803999999999
0.0	-0.9193620000000001	7.967803999999999
-0.9193620000000001	-1.225816	7.814577000000001
-1.072589	-1.072589	7.508122999999999
-0.9193620000000001	-0.9193620000000001	7.66135
-0.766135	-0.9193620000000001	8.121031
-1.685497	-0.9193620000000001	8.733939
-3.6774480000000005	-1.072589	8.580712
-5.975853	-1.225816	7.967803999999999
-6.588761	-0.766135	6.741988
-5.975853	-0.306454	5.516172
-5.516172	0.0	4.137129
-4.443583	0.9193620000000001	3.524221
-2.298405	1.685497	3.524221
-3.06454	1.379043	3.6774480000000005
-8.580712	1.53227	7.201669
-5.362945	4.137129	12.104933
6.12908	2.451632	15.169473000000002
-0.306454	0.0	19.000149
-3.6774480000000005	-1.685497	19.45983
-5.975853	-1.9919509999999998	18.693693
-2.604859	-2.451632	13.790429999999999
-0.9193620000000001	-2.758086	9.806528
0.153227	-1.53227	7.66135
1.53227	0.45968100000000006	6.282307
1.379043	0.766135	5.975853
0.153227	0.45968100000000006	7.048442
-1.8387240000000002	-0.306454	8.274258
-3.9839019999999996	-1.685497	7.66135
-4.137129	-1.9919509999999998	5.975853
-3.06454	-1.8387240000000002	4.443583
-3.06454	-1.685497	3.370994
-3.217767	-1.379043	3.524221
-4.290356	-0.9193620000000001	4.903264
-6.588761	-0.45968100000000006	8.580712
-11.645252000000001	1.072589	16.088835
2.145178	0.153227	13.483976
5.362945	-3.06454	14.556564999999999
1.685497	-1.53227	15.629154000000002
-2.145178	-1.685497	16.088835
-4.137129	-3.370994	15.169473000000002
-3.524221	-3.6774480000000005	14.250110999999999
-1.8387240000000002	-4.137129	13.177522
0.306454	-3.6774480000000005	11.645252000000001
-0.766135	-2.298405	11.645252000000001
-1.225816	-0.153227	11.032344
-1.379043	0.9193620000000001	9.806528
-2.298405	1.225816	7.66135
-3.830675	1.072589	5.8226260000000005
-4.290356	0.9193620000000001	4.443583
-4.290356	0.766135	3.217767
-3.830675	0.45968100000000006	2.298405
-2.758086	0.45968100000000006	1.8387240000000002
-1.225816	0.45968100000000006	1.379043
-0.9193620000000001	0.306454	1.225816
-2.9113130000000003	-0.306454	2.145178
-2.9113130000000003	-0.306454	5.056491
-6.435534	-0.612908	5.056491
-7.508122999999999	0.306454	11.185571000000001
5.669398999999999	0.153227	16.548515
0.9193620000000001	0.0	19.45983
-5.8226260000000005	1.072589	19.45983
-5.975853	1.072589	19.45983
-4.750037	0.766135	17.008198
-3.217767	0.153227	12.717841
-3.217767	0.153227	9.806528
-2.451632	-0.766135	9.806528
-1.53227	-1.53227	7.814577000000001
-0.153227	-1.685497	6.895214999999999
-0.9193620000000001	-1.379043	6.588761
-2.451632	-1.225816	6.282307
-2.451632	-1.8387240000000002	3.370994
-1.072589	-1.379043	2.298405
-1.53227	-0.612908	1.685497
-2.758086	-0.9193620000000001	1.8387240000000002
-3.370994	0.153227	2.9113130000000003
-5.669398999999999	1.685497	6.12908
-11.032344	-1.379043	16.548515
0.612908	-7.66135	18.540466000000002
7.201669	-5.209718	19.000149
7.201669	-0.766135	19.153376
2.298405	-0.766135	19.153376
-2.451632	-0.612908	18.38724
-4.750037	-1.379043	15.3227
-3.06454	-1.9919509999999998	12.564614
-1.225816	-1.53227	9.500074
0.153227	-0.766135	7.048442
1.9919509999999998	-0.306454	6.741988
2.298405	-0.153227	7.201669
2.298405	0.612908	6.12908
-0.9193620000000001	0.612908	6.12908
-3.06454	1.072589	4.443583
-3.6774480000000005	0.9193620000000001	3.370994
-3.9839019999999996	0.612908	2.758086
-4.903264	0.766135	2.451632
-3.830675	0.612908	2.604859
-2.451632	-0.306454	2.9113130000000003
-5.975853	-1.225816	5.209718
-5.975853	-1.8387240000000002	14.250110999999999
-8.733939	-1.8387240000000002	14.250110999999999
4.137129	-0.45968100000000006	18.38724
-3.524221	1.225816	19.45983
-5.362945	1.8387240000000002	19.45983
-3.9839019999999996	1.685497	17.927559
-3.830675	1.8387240000000002	12.25816
-3.06454	1.53227	9.346847
-0.766135	0.612908	7.508122999999999
1.9919509999999998	-0.766135	6.282307
0.766135	-1.685497	6.282307
-1.072589	-2.9113130000000003	7.201669
-2.145178	-3.524221	7.967803999999999
-2.451632	-2.604859	7.508122999999999
-2.451632	-1.379043	6.435534
-2.9113130000000003	-0.612908	5.516172
-3.06454	-0.612908	4.443583
-2.758086	0.0	3.6774480000000005
-2.451632	0.9193620000000001	3.217767
-1.685497	1.685497	3.06454
-3.06454	2.604859	5.516172
-7.967803999999999	1.685497	13.790429999999999
2.604859	-1.379043	14.709792000000002
1.379043	-4.443583	17.161425
-2.451632	-5.362945	19.45983
-3.217767	-5.362945	19.45983
-3.9839019999999996	-5.669398999999999	17.314651
-3.06454	-4.59681	15.016245999999999
-1.8387240000000002	-2.604859	12.871068
-0.766135	-0.9193620000000001	11.185571000000001
-0.612908	0.306454	9.653300999999999
-1.53227	1.225816	7.66135
-2.145178	1.8387240000000002	5.362945
-2.298405	1.8387240000000002	3.524221
-2.451632	1.685497	2.145178
-3.06454	1.53227	1.53227
-2.9113130000000003	1.225816	0.766135
-2.298405	0.766135	0.612908
-1.9919509999999998	0.45968100000000006	0.45968100000000006
-1.379043	-0.153227	0.9193620000000001
-3.9839019999999996	-0.306454	3.217767
-7.814577000000001	2.145178	9.959755
2.451632	-0.306454	13.024295
3.524221	-1.9919509999999998	19.45983
-13.330748999999999	2.145178	19.45983
-7.967803999999999	2.9113130000000003	19.45983
-5.516172	0.0	16.701742000000003
-3.524221	-1.225816	11.951706
-1.225816	-2.298405	8.887166
1.53227	-3.524221	6.895214999999999
2.145178	-3.9839019999999996	5.975853
0.612908	-2.9113130000000003	5.056491
-0.153227	-1.53227	4.903264
-1.225816	-0.766135	4.750037
-2.298405	0.0	4.443583
-3.6774480000000005	0.153227	4.290356
-3.9839019999999996	0.0	3.9839019999999996
-3.370994	0.306454	3.830675
-2.604859	0.45968100000000006	3.6774480000000005
-2.145178	0.766135	3.9839019999999996
-2.604859	0.612908	5.209718
-6.588761	0.306454	9.19362
-9.500074	-1.379043	17.314651
1.685497	-5.056491	19.306601999999998
0.45968100000000006	-6.435534	19.45983
0.612908	-3.6774480000000005	19.45983
-1.53227	-3.830675	18.38724
-4.443583	-4.750037	15.3227
-4.137129	-3.830675	12.717841
-1.9919509999999998	-1.8387240000000002	10.112982
-0.153227	0.306454	8.121031
0.766135	0.9193620000000001	7.814577000000001
-0.153227	1.225816	7.967803999999999
-2.298405	1.8387240000000002	6.435534
-3.370994	1.9919509999999998	4.290356
-3.217767	1.8387240000000002	2.9113130000000003
-2.604859	2.145178	1.9919509999999998
-1.8387240000000002	2.145178	1.53227
-1.379043	1.8387240000000002	0.9193620000000001
-1.379043	1.225816	0.612908
-1.9919509999999998	0.153227	0.9193620000000001
-1.8387240000000002	-0.45968100000000006	2.145178
-3.9839019999999996	-1.072589	5.669398999999999
-3.524221	-1.685497	12.717841
4.443583	0.612908	18.693693
-2.604859	0.306454	19.45983
-9.040393	1.225816	19.45983
-7.048442	0.766135	18.846922
-4.290356	0.153227	13.790429999999999
-1.9919509999999998	0.153227	10.112982
0.306454	-0.153227	7.354896000000001
2.604859	-0.306454	5.516172
2.451632	-0.306454	4.903264
1.9919509999999998	-0.153227	5.209718
0.766135	-0.306454	5.8226260000000005
-0.45968100000000006	-0.153227	5.975853
-1.072589	0.153227	5.8226260000000005
-1.379043	0.612908	5.516172
-3.217767	1.53227	5.8226260000000005
-7.66135	2.298405	7.354896000000001
-10.112982	1.9919509999999998	9.500074
-9.959755	0.306454	11.951706
-12.564614	-1.9919509999999998	16.088835
-11.645252000000001	-5.8226260000000005	18.540466000000002
-2.145178	-5.362945	19.153376
-3.370994	-1.225816	19.45983
-7.354896000000001	2.145178	18.693693
-8.887166	2.9113130000000003	16.548515
-8.580712	2.145178	14.709792000000002
-6.895214999999999	-0.153227	12.25816
-3.830675	-1.225816	10.572663
-2.9113130000000003	-0.766135	8.887166
-2.9113130000000003	0.45968100000000006	6.895214999999999
-2.451632	1.072589	5.209718
-1.8387240000000002	1.53227	4.290356
-1.53227	0.766135	4.137129
-1.9919509999999998	0.0	4.443583
-3.06454	-0.9193620000000001	4.903264
-4.290356	-1.53227	5.669398999999999
-4.290356	-1.685497	6.435534
-3.6774480000000005	-1.685497	7.048442
-3.217767	-1.8387240000000002	7.967803999999999
-3.217767	-2.451632	8.274258
-3.6774480000000005	-3.830675	8.427485
-5.056491	-3.830675	8.887166
-7.201669	-2.298405	10.266209
-7.201669	-2.298405	11.951706
-7.814577000000001	-0.766135	11.951706
-3.830675	-0.9193620000000001	12.25816
-1.685497	-2.451632	11.951706
-3.06454	-1.8387240000000002	11.798478999999999
-4.137129	-0.45968100000000006	11.645252000000001
-4.59681	1.53227	11.032344
-5.209718	3.370994	10.72589
-5.209718	4.59681	10.112982
-4.443583	4.903264	9.040393
-3.370994	2.604859	8.427485
-2.451632	0.612908	7.814577000000001
-2.451632	-0.766135	7.508122999999999
-3.06454	-1.379043	7.201669
-2.9113130000000003	-1.53227	6.588761
-2.451632	-0.766135	6.282307
-2.451632	0.0	6.588761
-2.451632	0.612908	7.354896000000001
-2.9113130000000003	0.45968100000000006	8.580712
-3.370994	0.153227	9.500074
-3.524221	0.0	10.112982
-3.524221	0.153227	10.266209
-3.217767	0.306454	10.266209
-2.758086	0.306454	9.806528
-2.758086	0.306454	9.500074
-2.604859	0.306454	9.500074
-2.604859	0.45968100000000006	9.346847
-2.451632	0.766135	9.19362
-2.451632	1.225816	9.040393
-1.9919509999999998	1.53227	8.733939
-1.53227	1.685497	8.887166
-1.379043	1.53227	8.887166
-1.53227	1.379043	9.040393
-1.8387240000000002	1.53227	9.19362
-2.145178	1.8387240000000002	9.500074
-3.06454	2.298405	9.959755
-3.524221	2.298405	9.959755
-5.056491	2.298405	9.653300999999999
-6.12908	2.758086	9.653300999999999
-6.435534	2.604859	9.500074
-6.282307	1.379043	9.19362
-6.282307	1.379043	8.887166
-6.588761	0.0	8.887166
-7.048442	-1.685497	9.346847
-6.895214999999999	-3.06454	9.806528
-6.12908	-3.370994	10.112982
-5.669398999999999	-2.145178	10.266209
-5.362945	-1.53227	10.572663
-5.209718	-1.225816	10.572663
-5.209718	-1.225816	10.266209
-5.209718	-1.225816	9.500074
-5.056491	-1.379043	9.500074
-4.903264	-1.225816	8.427485
-4.443583	-0.9193620000000001	7.354896000000001
-4.137129	-0.766135	6.435534
-3.9839019999999996	-1.225816	5.8226260000000005
-3.830675	-1.8387240000000002	5.975853
-3.524221	-2.451632	6.282307
-3.217767	-3.370994	7.508122999999999
-3.217767	-3.370994	9.19362
-3.370994	-3.9839019999999996	9.19362
-3.524221	-3.6774480000000005	10.419436
-3.370994	-2.9113130000000003	10.72589
-2.298405	-2.604859	9.959755
-0.9193620000000001	-2.9113130000000003	8.580712
0.306454	-3.370994	7.66135
1.53227	-4.137129	7.354896000000001
1.9919509999999998	-4.137129	7.814577000000001
1.9919509999999998	-4.137129	8.887166
0.766135	-3.9839019999999996	8.887166
-0.612908	-3.9839019999999996	10.572663
-1.8387240000000002	-3.524221	12.25816
-1.9919509999999998	-2.298405	13.483976
-1.53227	-1.685497	13.483976
-1.53227	-1.8387240000000002	13.024295
-2.9113130000000003	-2.145178	12.717841
-6.282307	-2.451632	14.250110999999999
-6.282307	-3.370994	15.935607999999998
-6.895214999999999	-3.370994	15.935607999999998
-4.750037	-6.12908	12.717841
-4.750037	-5.975853	8.580712
-4.59681	-5.056491	7.201669
-3.6774480000000005	-4.443583	7.508122999999999
-3.370994	-3.524221	7.967803999999999
-3.217767	-2.9113130000000003	7.508122999999999
-3.370994	-2.604859	7.354896000000001
-3.370994	-2.298405	7.66135
-3.217767	-2.298405	7.66135
-3.524221	-2.145178	8.580712
-3.524221	-1.8387240000000002	9.653300999999999
-4.137129	-0.766135	9.500074
-4.137129	0.9193620000000001	8.121031
-3.524221	1.8387240000000002	7.048442
-2.604859	1.9919509999999998	6.741988
-2.298405	1.9919509999999998	7.048442
-2.298405	1.379043	7.967803999999999
-2.9113130000000003	0.153227	8.733939
